# This file is brought to you by Roblox Corporation
# Generated by Roblox Studio

mtllib counterswing.mtl

g Counterswing1

v -0.3451 0.143008 -0.0153008 
v -0.3106 0.207608 -0.0153008 
v -0.3535 0.353607 -0.4867 
v 0.264202 0.264208 -0.0153008 
v 0.3106 0.207608 -0.0153008 
v 0.3536 0.353607 -0.4867 
v -0.2075 0.310608 -0.0153008 
v -0.142899 0.345208 -0.0153008 
v -0.191299 0.462008 -0.4867 
v 0.2076 0.310608 -0.0153008 
v -0.3106 -0.207493 -0.0153008 
v -0.461899 -0.191292 -0.4867 
v -0.264099 -0.264091 -0.0153008 
v -0.3535 -0.353492 -0.4867 
v -0.2075 -0.310592 -0.0153008 
v -0.191299 -0.461891 -0.4867 
v 0.2076 -0.310592 -0.0153008 
v 0.191402 -0.461891 -0.4867 
v 0.264202 -0.264091 -0.0153008 
v 0.3536 -0.353492 -0.4867 
v 0.3106 -0.207493 -0.0153008 
v 0.264202 -0.264091 -0.0153008 
v 0.3536 -0.353492 -0.4867 
v 0.3451 -0.142893 -0.0153008 
v 0.3106 -0.207493 -0.0153008 
v 0.462002 -0.191292 -0.4867 
v 0.3106 0.207608 -0.0153008 
v 0.3451 0.143008 -0.0153008 
v 0.462002 0.191408 -0.4867 
v -0.0728989 0.366408 -0.0153008 
v 0 0.373608 -0.0153008 
v 0 0.500008 -0.4867 
v 0 0.291909 0.1924 
v 0.057003 0.286309 0.1924 
v -0.366398 -0.0727918 -0.0153008 
v -0.286198 -0.0568921 0.1924 
v -0.2696 -0.111591 0.1924 
v -0.291798 7.92742e-06 0.1924 
v -0.5 7.92742e-06 -0.4867 
v -0.286198 0.057009 0.1924 
v -0.366398 0.0729087 -0.0153008 
v -0.2696 0.111708 0.1924 
v -0.0728989 -0.366291 -0.0153008 
v 0.0729027 -0.366291 -0.0153008 
v 0.111702 -0.269592 0.1924 
v 0.3451 -0.142893 -0.0153008 
v 0.286301 -0.0568921 0.1924 
v 0.269703 -0.111591 0.1924 
v 0.366402 -0.0727918 -0.0153008 
v 0.462002 -0.191292 -0.4867 
v 0.366402 -0.0727918 -0.0153008 
v 0.291901 7.92742e-06 0.1924 
v 0.286301 -0.0568921 0.1924 
v 0.3736 7.92742e-06 -0.0153008 
v 0.5 7.92742e-06 -0.4867 
v 0.366402 0.0729087 -0.0153008 
v 0.3736 7.92742e-06 -0.0153008 
v 0.5 7.92742e-06 -0.4867 
v 0.286301 0.057009 0.1924 
v 0.291901 7.92742e-06 0.1924 
v 0.366402 0.0729087 -0.0153008 
v 0.269703 0.111708 0.1924 
v 0.286301 0.057009 0.1924 
v 0.3451 0.143008 -0.0153008 
v 0.462002 0.191408 -0.4867 
v 0 -0.499992 -0.4867 
v 0 -0.291792 0.1924 
v 0.0340004 -0.0226914 0.5 
v -0.0289001 -0.0288922 0.5 
v -0.0407982 7.92742e-06 0.5 
v -0.206299 0.206408 0.1924 
v 0.3106 -0.207493 -0.0153008 
v 0.269703 -0.111591 0.1924 
v 0.242702 -0.162092 0.1924 
v 0.3451 -0.142893 -0.0153008 
v 0.206402 0.206408 0.1924 
v 0.3106 0.207608 -0.0153008 
v 0.264202 0.264208 -0.0153008 
v 0.206402 0.206408 0.1924 
v 0.242702 0.162209 0.1924 
v 0.269703 0.111708 0.1924 
v 0.3106 0.207608 -0.0153008 
v 0.242702 0.162209 0.1924 
v 0.3451 0.143008 -0.0153008 
v -0.206299 -0.206291 0.1924 
v 0.206402 -0.206291 0.1924 
v 0.264202 -0.264091 -0.0153008 
v 0.242702 -0.162092 0.1924 
v 0.206402 -0.206291 0.1924 
v 0.3106 -0.207493 -0.0153008 
v 0.0906029 -0.0374925 0.458599 
v 0.0693016 -0.0692918 0.458599 
v -0.0814972 -0.0543916 0.458599 
v -0.0374985 0.0906089 0.458599 
v -0.0814972 0.0545085 0.458599 
v 0.0906029 0.0375083 0.458599 
v 0.0289001 0.0289081 0.5 
v 0.0693016 0.0693076 0.458599 
v -0.191299 -0.127792 0.3055 
v -0.225597 -0.0447919 0.3055 
v -0.191299 0.127909 0.3055 
v -0.162697 0.162709 0.3055 
v -0.162697 -0.162691 0.3055 
v 0.1278 -0.191292 0.3055 
v 0.162701 -0.162691 0.3055 
v 0.242702 -0.162092 0.1924 
v 0.191299 -0.127792 0.3055 
v 0.206402 -0.206291 0.1924 
v 0.206402 -0.206291 0.1924 
v 0.162701 -0.162691 0.3055 
v 0.242702 -0.162092 0.1924 
v 0.212601 -0.0879914 0.3055 
v 0.191299 -0.127792 0.3055 
v 0.269703 -0.111591 0.1924 
v 0.286301 -0.0568921 0.1924 
v 0.212601 -0.0879914 0.3055 
v 0.269703 -0.111591 0.1924 
v 0.2257 -0.0447919 0.3055 
v 0 0.230109 0.3055 
v 0.286301 0.057009 0.1924 
v 0.212601 0.0881084 0.3055 
v 0.2257 0.0449088 0.3055 
v 0.269703 0.111708 0.1924 
v 0.162701 0.162709 0.3055 
v 0.162701 0.162709 0.3055 
v 0.191299 0.127909 0.3055 
v 0.242702 0.162209 0.1924 
v 0.206402 0.206408 0.1924 
v 0.212601 0.0881084 0.3055 
v 0.242702 0.162209 0.1924 
v 0.191299 0.127909 0.3055 
v 0.269703 0.111708 0.1924 
v -0.044899 -0.225591 0.3055 
v -0.169399 -0.0336911 0.378399 
v -0.159599 0.0662082 0.378399 
v -0.122097 0.122208 0.378399 
v 0.159603 0.0662082 0.378399 
v 0.191299 0.127909 0.3055 
v 0.1437 0.0960086 0.378399 
v 0.191299 0.127909 0.3055 
v 0.212601 0.0881084 0.3055 
v 0.1222 0.122208 0.378399 
v 0.0661011 -0.159591 0.378399 
v -0.033699 -0.169391 0.378399 
v -0.122097 -0.122091 0.378399 
v 0.0960007 -0.143593 0.378399 
v 0.1222 -0.122091 0.378399 
v 0.212601 -0.0879914 0.3055 
v 0.1437 -0.0958917 0.378399 
v 0.191299 -0.127792 0.3055 
v 0.159603 -0.0660912 0.378399 
v 0.0960999 -0.0190923 0.458599 
v 0.0979996 7.92742e-06 0.458599 
v 0.169502 -0.0336911 0.378399 
v 0.0960999 -0.0190923 0.458599 
v 0.0960999 -0.0190923 0.458599 
v 0.159603 -0.0660912 0.378399 
v 0.0906029 -0.0374925 0.458599 
v 0.172802 7.92742e-06 0.378399 
v 0.169502 0.0337089 0.378399 
v 0.0960999 0.0192092 0.458599 
v 0.0906029 0.0375083 0.458599 
v 0.159603 0.0662082 0.378399 
v 0.2257 -0.0447919 0.3055 
v 0.169502 -0.0336911 0.378399 
v 0.159603 -0.0660912 0.378399 
v 0.212601 -0.0879914 0.3055 
v 0.169502 -0.0336911 0.378399 
v 0.230103 7.92742e-06 0.3055 
v 0.169502 0.0337089 0.378399 
v 0.2257 0.0449088 0.3055 
v 0.159603 0.0662082 0.378399 
v 0.212601 0.0881084 0.3055 
v 0.169502 0.0337089 0.378399 
v 0.286301 -0.0568921 0.1924 
v 0.2257 -0.0447919 0.3055 
v 0.291901 7.92742e-06 0.1924 
v 0.2257 0.0449088 0.3055 
v 0.286301 0.057009 0.1924 
v -0.169399 0.0337089 0.378399 
v 0.190102 -0.458893 -0.5 
v -0.190098 -0.458893 -0.5 
v -0.4589 0.190108 -0.5 
v -0.4589 -0.190092 -0.5 
v -0.0723 0.363608 -0.0298004 
v 0 0.500008 -0.4867 
v 0.0723 0.363608 -0.0298004 
v 0 0.496809 -0.5 
v 0.308201 -0.205892 -0.0298004 
v 0.3536 -0.353492 -0.4867 
v 0.351303 -0.351192 -0.5 
v 0.3536 0.353607 -0.4867 
v 0.308201 0.206009 -0.0298004 
v 0.351303 0.351309 -0.5 
v 0.0723 -0.363491 -0.0298004 
v 0 -0.499992 -0.4867 
v 0 -0.496692 -0.5 
v -0.191299 0.462008 -0.4867 
v -0.0723 0.363608 -0.0298004 
v -0.190098 0.459008 -0.5 
v -0.0723 -0.363491 -0.0298004 
v -0.191299 -0.461891 -0.4867 
v -0.190098 -0.458893 -0.5 
v 0.206001 -0.308191 -0.0298004 
v 0.191402 -0.461891 -0.4867 
v 0.190102 -0.458893 -0.5 
v 0.191402 0.462008 -0.4867 
v 0.206001 0.308308 -0.0298004 
v 0.190102 0.459008 -0.5 
v -0.0723 0.363608 -0.0298004 
v -0.191299 0.462008 -0.4867 
v -0.0728989 0.366408 -0.0153008 
v -0.191299 -0.461891 -0.4867 
v -0.0723 -0.363491 -0.0298004 
v -0.0728989 -0.366291 -0.0153008 
v 0.191402 -0.461891 -0.4867 
v 0.206001 -0.308191 -0.0298004 
v 0.2076 -0.310592 -0.0153008 
v 0.3536 -0.353492 -0.4867 
v 0.308201 -0.205892 -0.0298004 
v 0.3106 -0.207493 -0.0153008 
v 0.308201 0.206009 -0.0298004 
v 0.3536 0.353607 -0.4867 
v 0.3106 0.207608 -0.0153008 
v 0.206001 0.308308 -0.0298004 
v 0.191402 0.462008 -0.4867 
v 0.2076 0.310608 -0.0153008 
v 0.0723 0.363608 -0.0298004 
v 0 0.500008 -0.4867 
v 0.0729027 0.366408 -0.0153008 
v 0 -0.499992 -0.4867 
v 0.0723 -0.363491 -0.0298004 
v 0.0729027 -0.366291 -0.0153008 
v 0.158401 -0.0655915 0.360899 
v 0.158401 0.0656093 0.360899 
v 0.284 0.0565093 0.176399 
v -0.158298 -0.0655915 0.360899 
v -0.0951004 -0.018892 0.440701 
v -0.0895004 -0.0370919 0.440701 
v -0.168098 -0.0333917 0.360899 
v -0.0951004 -0.018892 0.440701 
v -0.171398 7.92742e-06 0.360899 
v -0.0968971 7.92742e-06 0.440701 
v -0.0951004 0.0189078 0.440701 
v -0.168098 0.0335086 0.360899 
v -0.0895004 0.0371078 0.440701 
v -0.158298 0.0656093 0.360899 
v -0.0951004 0.0189078 0.440701 
v 0.121201 0.121208 0.360899 
v -0.0655975 0.158408 0.360899 
v -0.210899 -0.0872914 0.288401 
v -0.168098 -0.0333917 0.360899 
v -0.158298 -0.0655915 0.360899 
v -0.168098 -0.0333917 0.360899 
v -0.2239 -0.0444924 0.288401 
v -0.228298 7.92742e-06 0.288401 
v -0.2239 0.0446075 0.288401 
v -0.168098 0.0335086 0.360899 
v -0.158298 0.0656093 0.360899 
v -0.210899 0.0874084 0.288401 
v -0.284 -0.0564916 0.176399 
v -0.2239 -0.0444924 0.288401 
v -0.289497 7.92742e-06 0.176399 
v -0.284 0.0565093 0.176399 
v -0.2239 0.0446075 0.288401 
v -0.0444984 -0.223892 0.288401 
v -0.1898 -0.126791 0.288401 
v -0.158298 -0.0655915 0.360899 
v -0.142498 -0.0951917 0.360899 
v -0.1898 -0.126791 0.288401 
v -0.210899 -0.0872914 0.288401 
v -0.210899 0.0874084 0.288401 
v -0.1898 0.126908 0.288401 
v -0.158298 0.0656093 0.360899 
v -0.1898 0.126908 0.288401 
v -0.142498 0.0953086 0.360899 
v 0.0335999 -0.022392 0.4818 
v -0.0223999 0.0336078 0.4818 
v -0.2407 -0.160791 0.176399 
v -0.1614 -0.161392 0.288401 
v -0.2047 -0.204693 0.176399 
v -0.1898 -0.126791 0.288401 
v -0.210899 -0.0872914 0.288401 
v -0.2407 -0.160791 0.176399 
v -0.267498 -0.110792 0.176399 
v -0.1898 -0.126791 0.288401 
v -0.284 -0.0564916 0.176399 
v -0.210899 -0.0872914 0.288401 
v -0.267498 -0.110792 0.176399 
v -0.2239 -0.0444924 0.288401 
v -0.210899 0.0874084 0.288401 
v -0.284 0.0565093 0.176399 
v -0.267498 0.110808 0.176399 
v -0.2239 0.0446075 0.288401 
v -0.267498 0.110808 0.176399 
v -0.1898 0.126908 0.288401 
v -0.210899 0.0874084 0.288401 
v -0.2407 0.160908 0.176399 
v -0.2407 0.160908 0.176399 
v -0.1614 0.161509 0.288401 
v -0.1898 0.126908 0.288401 
v -0.2047 0.204808 0.176399 
v 0.240803 0.160908 0.176399 
v -0.2621 -0.261991 -0.0296001 
v -0.2407 -0.160791 0.176399 
v -0.2621 -0.261991 -0.0296001 
v -0.308197 -0.205892 -0.0298004 
v -0.2047 -0.204693 0.176399 
v -0.3424 -0.141792 -0.0296001 
v -0.2407 -0.160791 0.176399 
v -0.308197 -0.205892 -0.0298004 
v -0.267498 -0.110792 0.176399 
v 0.2621 -0.261991 -0.0296001 
v -0.2407 0.160908 0.176399 
v -0.3424 0.141909 -0.0296001 
v -0.308197 0.206009 -0.0298004 
v -0.267498 0.110808 0.176399 
v 0.2621 0.262108 -0.0296001 
v 0.3424 0.141909 -0.0296001 
v -0.2621 0.262108 -0.0296001 
v -0.2047 0.204808 0.176399 
v -0.2407 0.160908 0.176399 
v -0.308197 0.206009 -0.0298004 
v 0.370602 7.92742e-06 -0.0296001 
v -0.3424 -0.141792 -0.0296001 
v -0.4589 -0.190092 -0.5 
v -0.363499 -0.072292 -0.0298004 
v -0.284 -0.0564916 0.176399 
v -0.267498 -0.110792 0.176399 
v -0.284 -0.0564916 0.176399 
v -0.370598 7.92742e-06 -0.0296001 
v -0.289497 7.92742e-06 0.176399 
v -0.363499 -0.072292 -0.0298004 
v -0.4967 7.92742e-06 -0.5 
v -0.284 -0.0564916 0.176399 
v -0.370598 7.92742e-06 -0.0296001 
v -0.4967 7.92742e-06 -0.5 
v -0.363499 0.072409 -0.0298004 
v -0.284 0.0565093 0.176399 
v -0.289497 7.92742e-06 0.176399 
v -0.284 0.0565093 0.176399 
v -0.363499 0.072409 -0.0298004 
v -0.3424 0.141909 -0.0296001 
v -0.4589 0.190108 -0.5 
v -0.267498 0.110808 0.176399 
v -0.284 0.0565093 0.176399 
v -0.2621 -0.261991 -0.0296001 
v -0.3512 -0.351192 -0.5 
v -0.308197 -0.205892 -0.0298004 
v -0.308197 -0.205892 -0.0298004 
v -0.4589 -0.190092 -0.5 
v -0.3424 -0.141792 -0.0296001 
v -0.3424 0.141909 -0.0296001 
v -0.4589 0.190108 -0.5 
v -0.308197 0.206009 -0.0298004 
v -0.308197 0.206009 -0.0298004 
v -0.3512 0.351309 -0.5 
v -0.2621 0.262108 -0.0296001 
v -0.3106 0.207608 -0.0153008 
v -0.461899 0.191408 -0.4867 
v -0.264099 0.264208 -0.0153008 
v -0.3535 0.353607 -0.4867 
v 0.3106 0.207608 -0.0153008 
v 0.3536 0.353607 -0.4867 
v -0.264099 0.264208 -0.0153008 
v -0.2075 0.310608 -0.0153008 
v -0.3535 0.353607 -0.4867 
v -0.2075 0.310608 -0.0153008 
v -0.142899 0.345208 -0.0153008 
v -0.191299 0.462008 -0.4867 
v 0.143002 0.345208 -0.0153008 
v 0.2076 0.310608 -0.0153008 
v 0.191402 0.462008 -0.4867 
v 0.2076 0.310608 -0.0153008 
v 0.264202 0.264208 -0.0153008 
v 0.3536 0.353607 -0.4867 
v -0.3106 -0.207493 -0.0153008 
v -0.461899 -0.191292 -0.4867 
v -0.264099 -0.264091 -0.0153008 
v -0.3535 -0.353492 -0.4867 
v -0.2075 -0.310592 -0.0153008 
v -0.191299 -0.461891 -0.4867 
v 0.2076 -0.310592 -0.0153008 
v 0.143002 -0.345092 -0.0153008 
v 0.3536 -0.353492 -0.4867 
v 0.3106 -0.207493 -0.0153008 
v 0.3451 -0.142893 -0.0153008 
v 0.462002 -0.191292 -0.4867 
v -0.142899 0.345208 -0.0153008 
v -0.0728989 0.366408 -0.0153008 
v -0.191299 0.462008 -0.4867 
v -0.111698 0.269709 0.1924 
v -0.0569 0.286309 0.1924 
v -0.0569 0.286309 0.1924 
v 0 0.373608 -0.0153008 
v -0.0728989 0.366408 -0.0153008 
v 0 0.500008 -0.4867 
v 0 0.291909 0.1924 
v 0 0.373608 -0.0153008 
v 0.0729027 0.366408 -0.0153008 
v 0 0.500008 -0.4867 
v 0.057003 0.286309 0.1924 
v 0 0.291909 0.1924 
v 0.143002 0.345208 -0.0153008 
v 0.057003 0.286309 0.1924 
v 0.111702 0.269709 0.1924 
v 0.0729027 0.366408 -0.0153008 
v 0.191402 0.462008 -0.4867 
v -0.366398 -0.0727918 -0.0153008 
v -0.286198 -0.0568921 0.1924 
v -0.291798 7.92742e-06 0.1924 
v -0.5 7.92742e-06 -0.4867 
v -0.366398 0.0729087 -0.0153008 
v -0.2696 0.111708 0.1924 
v -0.111698 -0.269592 0.1924 
v -0.0728989 -0.366291 -0.0153008 
v 0.0729027 -0.366291 -0.0153008 
v 0.111702 -0.269592 0.1924 
v 0.366402 -0.0727918 -0.0153008 
v 0.291901 7.92742e-06 0.1924 
v 0.3736 7.92742e-06 -0.0153008 
v 0.5 7.92742e-06 -0.4867 
v 0.286301 0.057009 0.1924 
v 0 -0.499992 -0.4867 
v 0 -0.291792 0.1924 
v -0.0289001 -0.0288922 0.5 
v -0.0407982 7.92742e-06 0.5 
v -0.0226974 0.0340083 0.5 
v -0.206299 0.206408 0.1924 
v -0.206299 0.206408 0.1924 
v -0.2075 0.310608 -0.0153008 
v -0.264099 0.264208 -0.0153008 
v -0.162098 0.242709 0.1924 
v -0.111698 0.269709 0.1924 
v -0.2075 0.310608 -0.0153008 
v -0.162098 0.242709 0.1924 
v -0.142899 0.345208 -0.0153008 
v 0.242702 -0.162092 0.1924 
v 0.162201 0.242709 0.1924 
v 0.143002 0.345208 -0.0153008 
v 0.111702 0.269709 0.1924 
v 0.2076 0.310608 -0.0153008 
v 0.206402 0.206408 0.1924 
v 0.2076 0.310608 -0.0153008 
v 0.162201 0.242709 0.1924 
v 0.264202 0.264208 -0.0153008 
v -0.162098 -0.242592 0.1924 
v -0.206299 -0.206291 0.1924 
v 0.162201 -0.242592 0.1924 
v 0.206402 -0.206291 0.1924 
v 0.0906029 -0.0374925 0.458599 
v 0.0693016 -0.0692918 0.458599 
v -0.0191002 -0.0960919 0.458599 
v -0.0814972 -0.0543916 0.458599 
v -0.0374985 0.0906089 0.458599 
v -0.0191002 0.0962089 0.458599 
v -0.0814972 0.0545085 0.458599 
v 0.0289001 0.0289081 0.5 
v 0.0693016 0.0693076 0.458599 
v 0.0545006 0.0815089 0.458599 
v 0.0375023 0.0906089 0.458599 
v -0.225597 -0.0447919 0.3055 
v -0.191299 0.127909 0.3055 
v -0.162697 0.162709 0.3055 
v -0.1278 0.191309 0.3055 
v -0.206299 0.206408 0.1924 
v -0.162697 0.162709 0.3055 
v -0.162098 0.242709 0.1924 
v -0.0879974 0.212609 0.3055 
v -0.162098 0.242709 0.1924 
v -0.1278 0.191309 0.3055 
v -0.111698 0.269709 0.1924 
v -0.0879974 0.212609 0.3055 
v -0.0569 0.286309 0.1924 
v -0.111698 0.269709 0.1924 
v -0.044899 0.225708 0.3055 
v -0.0879974 -0.212492 0.3055 
v -0.162697 -0.162691 0.3055 
v 0.1278 -0.191292 0.3055 
v 0.162701 -0.162691 0.3055 
v -0.0569 0.286309 0.1924 
v 0 0.230109 0.3055 
v 0 0.291909 0.1924 
v -0.044899 0.225708 0.3055 
v 0 0.291909 0.1924 
v 0 0.230109 0.3055 
v 0.057003 0.286309 0.1924 
v 0.0449028 0.225708 0.3055 
v 0.111702 0.269709 0.1924 
v 0.0449028 0.225708 0.3055 
v 0.0881004 0.212609 0.3055 
v 0.057003 0.286309 0.1924 
v 0.1278 0.191309 0.3055 
v 0.111702 0.269709 0.1924 
v 0.0881004 0.212609 0.3055 
v 0.111702 0.269709 0.1924 
v 0.162201 0.242709 0.1924 
v 0.162701 0.162709 0.3055 
v 0.162201 0.242709 0.1924 
v 0.1278 0.191309 0.3055 
v 0.206402 0.206408 0.1924 
v -0.044899 -0.225591 0.3055 
v -0.169399 -0.0336911 0.378399 
v -0.1436 0.0960086 0.378399 
v -0.159599 0.0662082 0.378399 
v -0.122097 0.122208 0.378399 
v -0.0660973 0.159609 0.378399 
v -0.044899 0.225708 0.3055 
v -0.0879974 0.212609 0.3055 
v -0.044899 0.225708 0.3055 
v -0.033699 0.169508 0.378399 
v -0.1278 0.191309 0.3055 
v -0.0660973 0.159609 0.378399 
v -0.0879974 0.212609 0.3055 
v -0.044899 0.225708 0.3055 
v 0 0.172808 0.378399 
v 0 0.230109 0.3055 
v -0.033699 0.169508 0.378399 
v -0.0660973 0.159609 0.378399 
v -0.1278 0.191309 0.3055 
v -0.0959969 0.143708 0.378399 
v 0.0960007 0.143708 0.378399 
v 0.0881004 0.212609 0.3055 
v 0.0661011 0.159609 0.378399 
v 0.0960007 0.143708 0.378399 
v 0.1278 0.191309 0.3055 
v 0.0881004 0.212609 0.3055 
v 0.0337029 0.169508 0.378399 
v 0.0661011 0.159609 0.378399 
v 0.0449028 0.225708 0.3055 
v 0.0449028 0.225708 0.3055 
v 0 0.172808 0.378399 
v 0.0337029 0.169508 0.378399 
v 0 0.230109 0.3055 
v 0.1222 0.122208 0.378399 
v 0.0337029 -0.169391 0.378399 
v 0.0661011 -0.159591 0.378399 
v -0.033699 -0.169391 0.378399 
v -0.122097 -0.122091 0.378399 
v 0.1222 -0.122091 0.378399 
v -0.0374985 0.0906089 0.458599 
v -0.033699 0.169508 0.378399 
v -0.0660973 0.159609 0.378399 
v -0.0191002 0.0962089 0.458599 
v -0.0191002 0.0962089 0.458599 
v 0 0.172808 0.378399 
v -0.033699 0.169508 0.378399 
v -0.0191002 0.0962089 0.458599 
v 0 0.0980075 0.458599 
v 0.0191002 0.0962089 0.458599 
v 0 0.172808 0.378399 
v 0 0.0980075 0.458599 
v 0.0191002 0.0962089 0.458599 
v 0.0337029 0.169508 0.378399 
v 0.0661011 0.159609 0.378399 
v 0.0191002 0.0962089 0.458599 
v 0.0375023 0.0906089 0.458599 
v 0.0337029 0.169508 0.378399 
v 0.230103 7.92742e-06 0.3055 
v 0.190102 -0.458893 -0.5 
v -0.190098 -0.458893 -0.5 
v -0.4589 0.190108 -0.5 
v -0.4589 -0.190092 -0.5 
v 0.363602 0.072409 -0.0298004 
v 0.5 7.92742e-06 -0.4867 
v 0.496799 7.92742e-06 -0.5 
v 0.363602 -0.072292 -0.0298004 
v 0.206001 0.308308 -0.0298004 
v 0.3536 0.353607 -0.4867 
v 0.351303 0.351309 -0.5 
v -0.3535 0.353607 -0.4867 
v -0.205898 0.308308 -0.0298004 
v -0.3512 0.351309 -0.5 
v -0.5 7.92742e-06 -0.4867 
v -0.363499 0.072409 -0.0298004 
v -0.4967 7.92742e-06 -0.5 
v 0.363602 -0.072292 -0.0298004 
v 0.462002 -0.191292 -0.4867 
v 0.459 -0.190092 -0.5 
v -0.461899 -0.191292 -0.4867 
v -0.363499 -0.072292 -0.0298004 
v -0.4589 -0.190092 -0.5 
v 0.308201 0.206009 -0.0298004 
v 0.462002 0.191408 -0.4867 
v 0.459 0.190108 -0.5 
v -0.461899 0.191408 -0.4867 
v -0.308197 0.206009 -0.0298004 
v -0.4589 0.190108 -0.5 
v 0.3536 0.353607 -0.4867 
v 0.206001 0.308308 -0.0298004 
v 0.2076 0.310608 -0.0153008 
v -0.205898 0.308308 -0.0298004 
v -0.3535 0.353607 -0.4867 
v -0.2075 0.310608 -0.0153008 
v 0.5 7.92742e-06 -0.4867 
v 0.363602 0.072409 -0.0298004 
v 0.366402 0.0729087 -0.0153008 
v -0.363499 0.072409 -0.0298004 
v -0.5 7.92742e-06 -0.4867 
v -0.366398 0.0729087 -0.0153008 
v 0.462002 0.191408 -0.4867 
v 0.308201 0.206009 -0.0298004 
v 0.3106 0.207608 -0.0153008 
v -0.308197 0.206009 -0.0298004 
v -0.461899 0.191408 -0.4867 
v -0.3106 0.207608 -0.0153008 
v 0.462002 -0.191292 -0.4867 
v 0.363602 -0.072292 -0.0298004 
v 0.366402 -0.0727918 -0.0153008 
v -0.363499 -0.072292 -0.0298004 
v -0.461899 -0.191292 -0.4867 
v -0.366398 -0.0727918 -0.0153008 
v 0.158401 -0.0655915 0.360899 
v 0.0335007 -0.168092 0.360899 
v 0.0189018 -0.0949914 0.440701 
v 0.0371017 -0.0894925 0.440701 
v 0.0656013 -0.158292 0.360899 
v 0.0189018 -0.0949914 0.440701 
v 0.0335007 -0.168092 0.360899 
v 0 -0.171392 0.360899 
v 0 -0.0968911 0.440701 
v 0.0189018 -0.0949914 0.440701 
v 0 -0.171392 0.360899 
v -0.018898 -0.0949914 0.440701 
v 0 -0.0968911 0.440701 
v -0.018898 -0.0949914 0.440701 
v -0.0333977 -0.168092 0.360899 
v -0.0333977 -0.168092 0.360899 
v -0.0370979 -0.0894925 0.440701 
v -0.018898 -0.0949914 0.440701 
v -0.0655975 -0.158292 0.360899 
v -0.0685005 -0.0684907 0.440701 
v 0.0656013 0.158408 0.360899 
v 0.121201 0.121208 0.360899 
v -0.0655975 0.158408 0.360899 
v -0.2239 -0.0444924 0.288401 
v -0.0444984 -0.223892 0.288401 
v -0.0333977 -0.168092 0.360899 
v 0 -0.171392 0.360899 
v 0 -0.228292 0.288401 
v -0.0444984 -0.223892 0.288401 
v -0.0655975 -0.158292 0.360899 
v -0.0333977 -0.168092 0.360899 
v -0.0873985 -0.210891 0.288401 
v -0.126801 -0.189792 0.288401 
v -0.0655975 -0.158292 0.360899 
v -0.0873985 -0.210891 0.288401 
v -0.0951996 -0.142492 0.360899 
v 0.0656013 -0.158292 0.360899 
v 0.0874023 -0.210891 0.288401 
v 0.0446014 -0.223892 0.288401 
v 0.0335007 -0.168092 0.360899 
v 0 -0.171392 0.360899 
v 0.0446014 -0.223892 0.288401 
v 0 -0.228292 0.288401 
v 0.0335007 -0.168092 0.360899 
v 0.0656013 -0.158292 0.360899 
v 0.1269 -0.189792 0.288401 
v 0.0874023 -0.210891 0.288401 
v 0.1269 -0.189792 0.288401 
v 0.0656013 -0.158292 0.360899 
v 0.0951996 -0.142492 0.360899 
v 0.1269 0.189909 0.288401 
v -0.0285988 -0.0284917 0.4818 
v 0.0335999 -0.022392 0.4818 
v -0.0223999 0.0336078 0.4818 
v -0.0564995 -0.283891 0.176399 
v -0.0444984 -0.223892 0.288401 
v 0 -0.228292 0.288401 
v 0 -0.289491 0.176399 
v -0.0564995 -0.283891 0.176399 
v -0.0873985 -0.210891 0.288401 
v -0.0444984 -0.223892 0.288401 
v -0.0564995 -0.283891 0.176399 
v -0.110798 -0.267492 0.176399 
v -0.110798 -0.267492 0.176399 
v -0.126801 -0.189792 0.288401 
v -0.0873985 -0.210891 0.288401 
v -0.160797 -0.240692 0.176399 
v -0.2047 -0.204693 0.176399 
v -0.126801 -0.189792 0.288401 
v -0.160797 -0.240692 0.176399 
v -0.1614 -0.161392 0.288401 
v 0 -0.228292 0.288401 
v 0.0564995 -0.283891 0.176399 
v 0 -0.289491 0.176399 
v 0.0446014 -0.223892 0.288401 
v 0.0874023 -0.210891 0.288401 
v 0.110802 -0.267492 0.176399 
v 0.0564995 -0.283891 0.176399 
v 0.0446014 -0.223892 0.288401 
v 0.0874023 -0.210891 0.288401 
v 0.1609 -0.240692 0.176399 
v 0.110802 -0.267492 0.176399 
v 0.1269 -0.189792 0.288401 
v 0.1609 -0.240692 0.176399 
v 0.161503 -0.161392 0.288401 
v 0.2048 -0.204693 0.176399 
v 0.1269 -0.189792 0.288401 
v 0.0564995 0.284008 0.176399 
v 0.1609 0.240809 0.176399 
v -0.1418 -0.342392 -0.0296001 
v -0.160797 -0.240692 0.176399 
v -0.110798 -0.267492 0.176399 
v -0.205898 -0.308191 -0.0298004 
v -0.2621 -0.261991 -0.0296001 
v -0.160797 -0.240692 0.176399 
v -0.205898 -0.308191 -0.0298004 
v -0.2047 -0.204693 0.176399 
v 0.1609 -0.240692 0.176399 
v 0.206001 -0.308191 -0.0298004 
v 0.141903 -0.342392 -0.0296001 
v 0.141903 -0.342392 -0.0296001 
v 0.110802 -0.267492 0.176399 
v 0.1609 -0.240692 0.176399 
v 0.2621 -0.261991 -0.0296001 
v 0.206001 -0.308191 -0.0298004 
v 0.2048 -0.204693 0.176399 
v 0.2621 0.262108 -0.0296001 
v -0.2621 0.262108 -0.0296001 
v -0.1418 -0.342392 -0.0296001 
v -0.110798 -0.267492 0.176399 
v -0.0564995 -0.283891 0.176399 
v -0.0723 -0.363491 -0.0298004 
v -0.190098 -0.458893 -0.5 
v -0.0564995 -0.283891 0.176399 
v 0 -0.496692 -0.5 
v 0 -0.370592 -0.0296001 
v 0.0723 -0.363491 -0.0298004 
v 0.0564995 -0.283891 0.176399 
v 0 -0.289491 0.176399 
v -0.0723 -0.363491 -0.0298004 
v 0 -0.370592 -0.0296001 
v 0 -0.496692 -0.5 
v -0.0564995 -0.283891 0.176399 
v -0.0564995 -0.283891 0.176399 
v 0 -0.289491 0.176399 
v 0.0564995 -0.283891 0.176399 
v 0.141903 -0.342392 -0.0296001 
v 0.0723 -0.363491 -0.0298004 
v 0.190102 -0.458893 -0.5 
v 0.110802 -0.267492 0.176399 
v -0.1418 -0.342392 -0.0296001 
v -0.190098 -0.458893 -0.5 
v -0.205898 -0.308191 -0.0298004 
v 0.2621 -0.261991 -0.0296001 
v 0.351303 -0.351192 -0.5 
v 0.206001 -0.308191 -0.0298004 
v -0.205898 -0.308191 -0.0298004 
v -0.3512 -0.351192 -0.5 
v -0.2621 -0.261991 -0.0296001 
v 0.206001 -0.308191 -0.0298004 
v 0.190102 -0.458893 -0.5 
v 0.141903 -0.342392 -0.0296001 
v -0.264099 -0.264091 -0.0153008 
v -0.291798 7.92742e-06 0.1924 
v 0 -0.291792 0.1924 
v 0.0401001 0.00800925 0.5 
v 0.0401001 -0.00789231 0.5 
v 0.0409012 7.92742e-06 0.5 
v 0.0401001 -0.00789231 0.5 
v 0.0340004 -0.0226914 0.5 
v 0.0377998 -0.0155923 0.5 
v 0.0340004 -0.0226914 0.5 
v 0.0401001 -0.00789231 0.5 
v 0.0289001 -0.0288922 0.5 
v 0.0289001 -0.0288922 0.5 
v 0.0401001 -0.00789231 0.5 
v 0.0401001 0.00800925 0.5 
v 0.0401001 0.00800925 0.5 
v 0.0227013 -0.0338914 0.5 
v 0.0289001 -0.0288922 0.5 
v 0.0227013 -0.0338914 0.5 
v 0.00799942 -0.0399911 0.5 
v 0.0157013 -0.0376908 0.5 
v -0.0155983 -0.0376908 0.5 
v -0.0289001 -0.0288922 0.5 
v -0.0226974 -0.0338914 0.5 
v -0.0289001 -0.0288922 0.5 
v -0.0155983 -0.0376908 0.5 
v -0.0376968 -0.0155923 0.5 
v -0.0376968 -0.0155923 0.5 
v -0.0340004 -0.0226914 0.5 
v -0.0376968 0.0157092 0.5 
v -0.0407982 7.92742e-06 0.5 
v -0.0289001 0.0289081 0.5 
v -0.0226974 0.0340083 0.5 
v -0.0226974 0.0340083 0.5 
v -0.00799942 0.040108 0.5 
v -0.0155983 0.0378078 0.5 
v -0.0376968 0.0157092 0.5 
v -0.0289001 0.0289081 0.5 
v -0.0340004 0.0227092 0.5 
v -0.0376968 -0.0155923 0.5 
v -0.0407982 7.92742e-06 0.5 
v -0.0401001 -0.00789231 0.5 
v 0.0340004 0.0227092 0.5 
v 0.0401001 0.00800925 0.5 
v 0.0377998 0.0157092 0.5 
v 0 0.0409091 0.5 
v 0.0157013 0.0378078 0.5 
v 0.00799942 0.040108 0.5 
v 0.081501 -0.0543916 0.458599 
v 0.0377998 -0.0155923 0.5 
v 0.0340004 -0.0226914 0.5 
v 0.081501 -0.0543916 0.458599 
v 0.0906029 -0.0374925 0.458599 
v 0.081501 -0.0543916 0.458599 
v 0.0340004 -0.0226914 0.5 
v 0.0693016 -0.0692918 0.458599 
v 0.0289001 -0.0288922 0.5 
v 0.0693016 -0.0692918 0.458599 
v 0.0289001 -0.0288922 0.5 
v 0.0545006 -0.081392 0.458599 
v 0.0227013 -0.0338914 0.5 
v 0.0545006 -0.081392 0.458599 
v 0.0545006 -0.081392 0.458599 
v 0.0157013 -0.0376908 0.5 
v 0.0375023 -0.090492 0.458599 
v 0.0227013 -0.0338914 0.5 
v 0.0375023 -0.090492 0.458599 
v 0.0157013 -0.0376908 0.5 
v 0.0191002 -0.0960919 0.458599 
v 0.00799942 -0.0399911 0.5 
v 0 -0.0979916 0.458599 
v 0.0191002 -0.0960919 0.458599 
v 0.00799942 -0.0399911 0.5 
v 0 -0.0407922 0.5 
v -0.00799942 -0.0399911 0.5 
v 0 -0.0979916 0.458599 
v 0 -0.0407922 0.5 
v -0.0191002 -0.0960919 0.458599 
v -0.00799942 -0.0399911 0.5 
v -0.0374985 -0.090492 0.458599 
v -0.0191002 -0.0960919 0.458599 
v -0.0374985 -0.090492 0.458599 
v -0.00799942 -0.0399911 0.5 
v -0.0155983 -0.0376908 0.5 
v -0.0226974 -0.0338914 0.5 
v -0.0374985 -0.090492 0.458599 
v -0.0155983 -0.0376908 0.5 
v -0.0543976 -0.081392 0.458599 
v -0.0289001 -0.0288922 0.5 
v -0.0543976 -0.081392 0.458599 
v -0.0226974 -0.0338914 0.5 
v -0.0543976 -0.081392 0.458599 
v -0.0692978 -0.0692918 0.458599 
v -0.0340004 -0.0226914 0.5 
v -0.0692978 -0.0692918 0.458599 
v -0.0289001 -0.0288922 0.5 
v -0.0814972 -0.0543916 0.458599 
v -0.0814972 -0.0543916 0.458599 
v -0.0340004 -0.0226914 0.5 
v -0.0904999 -0.0374925 0.458599 
v -0.0376968 -0.0155923 0.5 
v -0.0543976 0.0815089 0.458599 
v -0.0155983 0.0378078 0.5 
v -0.0374985 0.0906089 0.458599 
v -0.0226974 0.0340083 0.5 
v -0.0155983 0.0378078 0.5 
v -0.0191002 0.0962089 0.458599 
v -0.0374985 0.0906089 0.458599 
v -0.0191002 0.0962089 0.458599 
v -0.00799942 0.040108 0.5 
v -0.0289001 0.0289081 0.5 
v -0.0543976 0.0815089 0.458599 
v -0.0692978 0.0693076 0.458599 
v -0.0226974 0.0340083 0.5 
v -0.0814972 0.0545085 0.458599 
v -0.0289001 0.0289081 0.5 
v -0.0692978 0.0693076 0.458599 
v -0.0340004 0.0227092 0.5 
v -0.0904999 0.0375083 0.458599 
v -0.0340004 0.0227092 0.5 
v -0.0814972 0.0545085 0.458599 
v -0.0376968 0.0157092 0.5 
v 0 0.0980075 0.458599 
v -0.00799942 0.040108 0.5 
v 0 0.0409091 0.5 
v -0.00799942 0.040108 0.5 
v 0 0.0980075 0.458599 
v -0.0191002 0.0962089 0.458599 
v 0.00799942 0.040108 0.5 
v 0 0.0980075 0.458599 
v 0 0.0409091 0.5 
v 0.0377998 0.0157092 0.5 
v 0.0906029 0.0375083 0.458599 
v 0.0340004 0.0227092 0.5 
v 0.081501 0.0545085 0.458599 
v 0 0.0980075 0.458599 
v 0.00799942 0.040108 0.5 
v 0.0191002 0.0962089 0.458599 
v 0.0340004 0.0227092 0.5 
v 0.081501 0.0545085 0.458599 
v 0.0289001 0.0289081 0.5 
v 0.0693016 0.0693076 0.458599 
v 0.0289001 0.0289081 0.5 
v 0.0693016 0.0693076 0.458599 
v 0.0227013 0.0340083 0.5 
v 0.0545006 0.0815089 0.458599 
v 0.0227013 0.0340083 0.5 
v 0.0545006 0.0815089 0.458599 
v 0.0157013 0.0378078 0.5 
v 0.0375023 0.0906089 0.458599 
v 0.0157013 0.0378078 0.5 
v 0.0375023 0.0906089 0.458599 
v 0.00799942 0.040108 0.5 
v 0.0191002 0.0962089 0.458599 
v 0.00799942 0.040108 0.5 
v 0.0375023 0.0906089 0.458599 
v -0.191299 -0.127792 0.3055 
v -0.162697 0.162709 0.3055 
v -0.1278 0.191309 0.3055 
v -0.044899 0.225708 0.3055 
v -0.162697 -0.162691 0.3055 
v 0.212601 -0.0879914 0.3055 
v 0.2257 -0.0447919 0.3055 
v 0 0.230109 0.3055 
v 0.0449028 0.225708 0.3055 
v 0.212601 0.0881084 0.3055 
v 0.2257 0.0449088 0.3055 
v 0.0881004 0.212609 0.3055 
v 0.162701 0.162709 0.3055 
v 0.191299 0.127909 0.3055 
v -0.169399 -0.0336911 0.378399 
v -0.0979996 7.92742e-06 0.458599 
v -0.0960999 -0.0190923 0.458599 
v -0.0401001 -0.00789231 0.5 
v -0.0407982 7.92742e-06 0.5 
v -0.0401001 0.00800925 0.5 
v -0.0960999 0.0192092 0.458599 
v -0.0376968 0.0157092 0.5 
v -0.0904999 0.0375083 0.458599 
v -0.0401001 0.00800925 0.5 
v -0.0904999 -0.0374925 0.458599 
v -0.0401001 -0.00789231 0.5 
v -0.0376968 -0.0155923 0.5 
v -0.0376968 0.0157092 0.5 
v -0.0401001 0.00800925 0.5 
v -0.00799942 0.040108 0.5 
v -0.0226974 0.0340083 0.5 
v 0 0.0409091 0.5 
v 0.0157013 0.0378078 0.5 
v 0.0227013 0.0340083 0.5 
v 0.0227013 -0.0338914 0.5 
v -0.0376968 -0.0155923 0.5 
v -0.0155983 -0.0376908 0.5 
v 0.00799942 -0.0399911 0.5 
v -0.0155983 -0.0376908 0.5 
v 0 -0.0407922 0.5 
v 0 -0.0407922 0.5 
v -0.00799942 -0.0399911 0.5 
v 0.0401001 0.00800925 0.5 
v 0.0340004 0.0227092 0.5 
v 0.0227013 -0.0338914 0.5 
v 0.0227013 0.0340083 0.5 
v 0.0340004 0.0227092 0.5 
v 0.0289001 0.0289081 0.5 
v -0.1436 0.0960086 0.378399 
v -0.159599 0.0662082 0.378399 
v -0.191299 0.127909 0.3055 
v -0.122097 0.122208 0.378399 
v -0.162697 0.162709 0.3055 
v -0.191299 0.127909 0.3055 
v -0.1436 0.0960086 0.378399 
v -0.122097 0.122208 0.378399 
v -0.1278 0.191309 0.3055 
v -0.162697 0.162709 0.3055 
v -0.0959969 0.143708 0.378399 
v 0.1222 0.122208 0.378399 
v 0.1278 0.191309 0.3055 
v 0.0960007 0.143708 0.378399 
v 0.162701 0.162709 0.3055 
v 0.0337029 -0.169391 0.378399 
v 0.0661011 -0.159591 0.378399 
v -0.033699 -0.169391 0.378399 
v -0.0959969 -0.143593 0.378399 
v -0.162697 -0.162691 0.3055 
v -0.1278 -0.191292 0.3055 
v -0.122097 -0.122091 0.378399 
v 0.0960007 -0.143593 0.378399 
v 0.162701 -0.162691 0.3055 
v 0.0960007 -0.143593 0.378399 
v 0.1278 -0.191292 0.3055 
v 0.1222 -0.122091 0.378399 
v 0.191299 -0.127792 0.3055 
v 0.1437 -0.0958917 0.378399 
v 0.162701 -0.162691 0.3055 
v 0.1222 -0.122091 0.378399 
v 0.1222 -0.122091 0.378399 
v 0.081501 -0.0543916 0.458599 
v 0.0693016 -0.0692918 0.458599 
v 0.1437 -0.0958917 0.378399 
v 0.0545006 -0.081392 0.458599 
v 0.1222 -0.122091 0.378399 
v 0.0693016 -0.0692918 0.458599 
v 0.1222 -0.122091 0.378399 
v 0.0960007 -0.143593 0.378399 
v 0.0960007 -0.143593 0.378399 
v 0.0545006 -0.081392 0.458599 
v 0.0661011 -0.159591 0.378399 
v 0.0375023 -0.090492 0.458599 
v 0.0545006 -0.081392 0.458599 
v -0.0374985 -0.090492 0.458599 
v -0.0959969 -0.143593 0.378399 
v -0.0660973 -0.159591 0.378399 
v -0.0543976 -0.081392 0.458599 
v -0.0814972 -0.0543916 0.458599 
v -0.122097 -0.122091 0.378399 
v -0.0692978 -0.0692918 0.458599 
v -0.1436 -0.0958917 0.378399 
v 0.0906029 -0.0374925 0.458599 
v 0.1437 -0.0958917 0.378399 
v 0.159603 -0.0660912 0.378399 
v 0.081501 -0.0543916 0.458599 
v -0.0959969 0.143708 0.378399 
v -0.0374985 0.0906089 0.458599 
v -0.0660973 0.159609 0.378399 
v -0.0543976 0.0815089 0.458599 
v -0.0692978 0.0693076 0.458599 
v -0.0959969 0.143708 0.378399 
v -0.122097 0.122208 0.378399 
v -0.0543976 0.0815089 0.458599 
v -0.1436 0.0960086 0.378399 
v -0.0692978 0.0693076 0.458599 
v -0.122097 0.122208 0.378399 
v -0.0814972 0.0545085 0.458599 
v -0.159599 0.0662082 0.378399 
v -0.0814972 0.0545085 0.458599 
v -0.1436 0.0960086 0.378399 
v -0.0904999 0.0375083 0.458599 
v 0.081501 0.0545085 0.458599 
v 0.1437 0.0960086 0.378399 
v 0.0693016 0.0693076 0.458599 
v 0.1222 0.122208 0.378399 
v 0.0545006 0.0815089 0.458599 
v 0.0661011 0.159609 0.378399 
v 0.0375023 0.0906089 0.458599 
v 0.0693016 0.0693076 0.458599 
v 0.0960007 0.143708 0.378399 
v 0.0545006 0.0815089 0.458599 
v 0.1222 0.122208 0.378399 
v 0.0661011 0.159609 0.378399 
v 0.0545006 0.0815089 0.458599 
v 0.0960007 0.143708 0.378399 
v -0.0543976 -0.081392 0.458599 
v -0.122097 -0.122091 0.378399 
v -0.0959969 -0.143593 0.378399 
v -0.0692978 -0.0692918 0.458599 
v 0.0409012 7.92742e-06 0.5 
v 0.0960999 0.0192092 0.458599 
v 0.0401001 0.00800925 0.5 
v 0.0960999 -0.0190923 0.458599 
v 0.0401001 -0.00789231 0.5 
v 0.0377998 0.0157092 0.5 
v 0.0906029 0.0375083 0.458599 
v 0.0401001 0.00800925 0.5 
v 0.0979996 7.92742e-06 0.458599 
v 0.0960999 -0.0190923 0.458599 
v 0.0401001 -0.00789231 0.5 
v 0.0906029 -0.0374925 0.458599 
v 0.0377998 -0.0155923 0.5 
v 0.230103 7.92742e-06 0.3055 
v 0.1437 0.0960086 0.378399 
v 0.0906029 0.0375083 0.458599 
v 0.159603 0.0662082 0.378399 
v 0.1437 0.0960086 0.378399 
v 0.081501 0.0545085 0.458599 
v 0.191299 0.127909 0.3055 
v 0.1222 0.122208 0.378399 
v 0.162701 0.162709 0.3055 
v -0.1436 -0.0958917 0.378399 
v -0.0904999 -0.0374925 0.458599 
v -0.159599 -0.0660912 0.378399 
v -0.1436 -0.0958917 0.378399 
v -0.0814972 -0.0543916 0.458599 
v -0.191299 -0.127792 0.3055 
v -0.122097 -0.122091 0.378399 
v -0.162697 -0.162691 0.3055 
v -0.3451 0.143008 -0.0153008 
v -0.3106 0.207608 -0.0153008 
v -0.461899 0.191408 -0.4867 
v -0.3106 0.207608 -0.0153008 
v -0.264099 0.264208 -0.0153008 
v -0.3535 0.353607 -0.4867 
v 0.3106 0.207608 -0.0153008 
v 0.3536 0.353607 -0.4867 
v -0.2075 0.310608 -0.0153008 
v -0.142899 0.345208 -0.0153008 
v 0.2076 0.310608 -0.0153008 
v -0.3106 -0.207493 -0.0153008 
v -0.3451 -0.142893 -0.0153008 
v -0.461899 -0.191292 -0.4867 
v -0.264099 -0.264091 -0.0153008 
v -0.3106 -0.207493 -0.0153008 
v -0.3535 -0.353492 -0.4867 
v -0.2075 -0.310592 -0.0153008 
v -0.191299 -0.461891 -0.4867 
v 0.2076 -0.310592 -0.0153008 
v 0.191402 -0.461891 -0.4867 
v 0.3536 -0.353492 -0.4867 
v 0.3106 -0.207493 -0.0153008 
v 0.3451 -0.142893 -0.0153008 
v 0.462002 -0.191292 -0.4867 
v 0.3451 0.143008 -0.0153008 
v 0.462002 0.191408 -0.4867 
v -0.0728989 0.366408 -0.0153008 
v 0 0.373608 -0.0153008 
v 0 0.500008 -0.4867 
v 0.057003 0.286309 0.1924 
v -0.3451 -0.142893 -0.0153008 
v -0.366398 -0.0727918 -0.0153008 
v -0.461899 -0.191292 -0.4867 
v -0.286198 -0.0568921 0.1924 
v -0.2696 -0.111591 0.1924 
v -0.291798 7.92742e-06 0.1924 
v -0.366398 -0.0727918 -0.0153008 
v -0.286198 -0.0568921 0.1924 
v -0.373497 7.92742e-06 -0.0153008 
v -0.5 7.92742e-06 -0.4867 
v -0.286198 0.057009 0.1924 
v -0.373497 7.92742e-06 -0.0153008 
v -0.291798 7.92742e-06 0.1924 
v -0.366398 0.0729087 -0.0153008 
v -0.5 7.92742e-06 -0.4867 
v -0.2696 0.111708 0.1924 
v -0.366398 0.0729087 -0.0153008 
v -0.286198 0.057009 0.1924 
v -0.3451 0.143008 -0.0153008 
v -0.461899 0.191408 -0.4867 
v 0.0729027 -0.366291 -0.0153008 
v 0.111702 -0.269592 0.1924 
v 0.269703 -0.111591 0.1924 
v 0.366402 -0.0727918 -0.0153008 
v 0.291901 7.92742e-06 0.1924 
v 0.5 7.92742e-06 -0.4867 
v 0.366402 0.0729087 -0.0153008 
v 0.286301 0.057009 0.1924 
v 0.269703 0.111708 0.1924 
v 0 -0.499992 -0.4867 
v 0 -0.291792 0.1924 
v -0.0407982 7.92742e-06 0.5 
v -0.0226974 0.0340083 0.5 
v -0.242599 0.162209 0.1924 
v -0.3451 0.143008 -0.0153008 
v -0.2696 0.111708 0.1924 
v -0.3106 0.207608 -0.0153008 
v -0.206299 0.206408 0.1924 
v -0.3106 0.207608 -0.0153008 
v -0.242599 0.162209 0.1924 
v -0.264099 0.264208 -0.0153008 
v 0.242702 -0.162092 0.1924 
v 0.206402 0.206408 0.1924 
v -0.2696 -0.111591 0.1924 
v -0.3106 -0.207493 -0.0153008 
v -0.242599 -0.162092 0.1924 
v -0.3451 -0.142893 -0.0153008 
v -0.206299 -0.206291 0.1924 
v -0.264099 -0.264091 -0.0153008 
v -0.242599 -0.162092 0.1924 
v -0.3106 -0.207493 -0.0153008 
v -0.206299 -0.206291 0.1924 
v 0.206402 -0.206291 0.1924 
v 0.0906029 -0.0374925 0.458599 
v 0.0693016 -0.0692918 0.458599 
v -0.0814972 -0.0543916 0.458599 
v -0.0374985 0.0906089 0.458599 
v -0.0814972 0.0545085 0.458599 
v 0.0906029 0.0375083 0.458599 
v 0.0289001 0.0289081 0.5 
v 0.0693016 0.0693076 0.458599 
v 0.0545006 0.0815089 0.458599 
v -0.212498 -0.0879914 0.3055 
v -0.242599 -0.162092 0.1924 
v -0.191299 -0.127792 0.3055 
v -0.2696 -0.111591 0.1924 
v -0.225597 -0.0447919 0.3055 
v -0.2696 -0.111591 0.1924 
v -0.212498 -0.0879914 0.3055 
v -0.286198 -0.0568921 0.1924 
v -0.212498 0.0881084 0.3055 
v -0.286198 0.057009 0.1924 
v -0.225597 0.0449088 0.3055 
v -0.2696 0.111708 0.1924 
v -0.191299 0.127909 0.3055 
v -0.2696 0.111708 0.1924 
v -0.212498 0.0881084 0.3055 
v -0.242599 0.162209 0.1924 
v -0.162697 0.162709 0.3055 
v -0.242599 0.162209 0.1924 
v -0.191299 0.127909 0.3055 
v -0.206299 0.206408 0.1924 
v -0.162697 -0.162691 0.3055 
v -0.162697 -0.162691 0.3055 
v -0.242599 -0.162092 0.1924 
v -0.206299 -0.206291 0.1924 
v -0.191299 -0.127792 0.3055 
v 0.1278 -0.191292 0.3055 
v 0.162701 -0.162691 0.3055 
v 0.212601 -0.0879914 0.3055 
v 0.2257 -0.0447919 0.3055 
v 0 0.230109 0.3055 
v 0.212601 0.0881084 0.3055 
v 0.2257 0.0449088 0.3055 
v 0.162701 0.162709 0.3055 
v 0.191299 0.127909 0.3055 
v -0.0960999 -0.0190923 0.458599 
v -0.159599 -0.0660912 0.378399 
v -0.0904999 -0.0374925 0.458599 
v -0.169399 -0.0336911 0.378399 
v -0.0979996 7.92742e-06 0.458599 
v -0.0960999 -0.0190923 0.458599 
v -0.172699 7.92742e-06 0.378399 
v -0.0960999 0.0192092 0.458599 
v -0.212498 0.0881084 0.3055 
v -0.1436 0.0960086 0.378399 
v -0.191299 0.127909 0.3055 
v -0.159599 0.0662082 0.378399 
v -0.122097 0.122208 0.378399 
v 0.1222 0.122208 0.378399 
v -0.159599 -0.0660912 0.378399 
v -0.191299 -0.127792 0.3055 
v -0.1436 -0.0958917 0.378399 
v -0.212498 -0.0879914 0.3055 
v 0.0661011 -0.159591 0.378399 
v -0.122097 -0.122091 0.378399 
v 0.1222 -0.122091 0.378399 
v 0.0960999 -0.0190923 0.458599 
v 0.169502 -0.0336911 0.378399 
v 0.230103 7.92742e-06 0.3055 
v -0.169399 -0.0336911 0.378399 
v -0.212498 -0.0879914 0.3055 
v -0.159599 -0.0660912 0.378399 
v -0.225597 -0.0447919 0.3055 
v -0.169399 -0.0336911 0.378399 
v -0.230099 7.92742e-06 0.3055 
v -0.169399 0.0337089 0.378399 
v -0.225597 0.0449088 0.3055 
v -0.159599 0.0662082 0.378399 
v -0.169399 0.0337089 0.378399 
v -0.212498 0.0881084 0.3055 
v -0.286198 -0.0568921 0.1924 
v -0.225597 -0.0447919 0.3055 
v -0.291798 7.92742e-06 0.1924 
v -0.286198 0.057009 0.1924 
v -0.225597 0.0449088 0.3055 
v -0.0960999 0.0192092 0.458599 
v -0.169399 0.0337089 0.378399 
v -0.0904999 0.0375083 0.458599 
v -0.159599 0.0662082 0.378399 
v 0.0723 0.363608 -0.0298004 
v 0.191402 0.462008 -0.4867 
v 0.190102 0.459008 -0.5 
v 0.191402 -0.461891 -0.4867 
v 0.0723 -0.363491 -0.0298004 
v 0.190102 -0.458893 -0.5 
v -0.205898 0.308308 -0.0298004 
v -0.191299 0.462008 -0.4867 
v -0.190098 0.459008 -0.5 
v -0.191299 -0.461891 -0.4867 
v -0.205898 -0.308191 -0.0298004 
v -0.190098 -0.458893 -0.5 
v -0.0723 0.363608 -0.0298004 
v 0 0.500008 -0.4867 
v 0 0.496809 -0.5 
v -0.3535 -0.353492 -0.4867 
v -0.308197 -0.205892 -0.0298004 
v -0.3512 -0.351192 -0.5 
v 0.363602 -0.072292 -0.0298004 
v -0.308197 0.206009 -0.0298004 
v -0.3535 0.353607 -0.4867 
v -0.3512 0.351309 -0.5 
v 0 -0.499992 -0.4867 
v -0.0723 -0.363491 -0.0298004 
v 0 -0.496692 -0.5 
v 0.191402 0.462008 -0.4867 
v 0.0723 0.363608 -0.0298004 
v 0.0729027 0.366408 -0.0153008 
v 0.0723 -0.363491 -0.0298004 
v 0.191402 -0.461891 -0.4867 
v 0.0729027 -0.366291 -0.0153008 
v -0.308197 -0.205892 -0.0298004 
v -0.3535 -0.353492 -0.4867 
v -0.3106 -0.207493 -0.0153008 
v -0.205898 -0.308191 -0.0298004 
v -0.191299 -0.461891 -0.4867 
v -0.2075 -0.310592 -0.0153008 
v -0.3535 0.353607 -0.4867 
v -0.308197 0.206009 -0.0298004 
v -0.3106 0.207608 -0.0153008 
v -0.191299 0.462008 -0.4867 
v -0.205898 0.308308 -0.0298004 
v -0.2075 0.310608 -0.0153008 
v -0.0723 -0.363491 -0.0298004 
v 0 -0.499992 -0.4867 
v -0.0728989 -0.366291 -0.0153008 
v 0 0.500008 -0.4867 
v -0.0723 0.363608 -0.0298004 
v -0.0728989 0.366408 -0.0153008 
v 0.0970001 7.92742e-06 0.440701 
v 0.168102 -0.0333917 0.360899 
v 0.0951004 -0.018892 0.440701 
v 0.0895996 -0.0370919 0.440701 
v 0.158401 -0.0655915 0.360899 
v 0.0951004 -0.018892 0.440701 
v 0.171402 7.92742e-06 0.360899 
v 0.0951004 0.0189078 0.440701 
v 0.168102 0.0335086 0.360899 
v 0.0895996 0.0371078 0.440701 
v 0.158401 0.0656093 0.360899 
v 0.0951004 0.0189078 0.440701 
v 0.224003 -0.0444924 0.288401 
v 0.168102 -0.0333917 0.360899 
v 0.158401 -0.0655915 0.360899 
v 0.211002 -0.0872914 0.288401 
v 0.168102 -0.0333917 0.360899 
v 0.228401 7.92742e-06 0.288401 
v 0.168102 0.0335086 0.360899 
v 0.224003 0.0446075 0.288401 
v 0.158401 0.0656093 0.360899 
v 0.211002 0.0874084 0.288401 
v 0.284 -0.0564916 0.176399 
v 0.224003 -0.0444924 0.288401 
v 0.2896 7.92742e-06 0.176399 
v 0.284 0.0565093 0.176399 
v 0.224003 0.0446075 0.288401 
v 0.121201 0.121208 0.360899 
v -0.210899 0.0874084 0.288401 
v -0.284 0.0565093 0.176399 
v 0.189899 0.126908 0.288401 
v 0.158401 0.0656093 0.360899 
v 0.142502 0.0953086 0.360899 
v 0.189899 0.126908 0.288401 
v 0.211002 0.0874084 0.288401 
v 0.189899 -0.126791 0.288401 
v 0.158401 -0.0655915 0.360899 
v 0.211002 -0.0872914 0.288401 
v 0.189899 -0.126791 0.288401 
v 0.142502 -0.0951917 0.360899 
v 0.0335999 -0.022392 0.4818 
v -0.0223999 0.0336078 0.4818 
v -0.2407 -0.160791 0.176399 
v 0.2048 -0.204693 0.176399 
v 0.189899 -0.126791 0.288401 
v 0.240803 -0.160791 0.176399 
v 0.161503 -0.161392 0.288401 
v 0.189899 -0.126791 0.288401 
v 0.267502 -0.110792 0.176399 
v 0.240803 -0.160791 0.176399 
v 0.211002 -0.0872914 0.288401 
v 0.211002 -0.0872914 0.288401 
v 0.284 -0.0564916 0.176399 
v 0.267502 -0.110792 0.176399 
v 0.224003 -0.0444924 0.288401 
v 0.1609 0.240809 0.176399 
v 0.2048 0.204808 0.176399 
v 0.240803 0.160908 0.176399 
v 0.161503 0.161509 0.288401 
v 0.189899 0.126908 0.288401 
v 0.240803 0.160908 0.176399 
v 0.211002 0.0874084 0.288401 
v 0.189899 0.126908 0.288401 
v 0.267502 0.110808 0.176399 
v 0.284 0.0565093 0.176399 
v 0.211002 0.0874084 0.288401 
v 0.267502 0.110808 0.176399 
v 0.224003 0.0446075 0.288401 
v 0.2621 -0.261991 -0.0296001 
v -0.3424 0.141909 -0.0296001 
v 0.2621 0.262108 -0.0296001 
v 0.2621 0.262108 -0.0296001 
v 0.240803 0.160908 0.176399 
v 0.2048 0.204808 0.176399 
v 0.308201 0.206009 -0.0298004 
v 0.308201 0.206009 -0.0298004 
v 0.3424 0.141909 -0.0296001 
v 0.240803 0.160908 0.176399 
v 0.267502 0.110808 0.176399 
v 0.2621 -0.261991 -0.0296001 
v 0.240803 -0.160791 0.176399 
v 0.308201 -0.205892 -0.0298004 
v 0.2048 -0.204693 0.176399 
v 0.240803 -0.160791 0.176399 
v 0.3424 -0.141792 -0.0296001 
v 0.308201 -0.205892 -0.0298004 
v 0.267502 -0.110792 0.176399 
v -0.2621 0.262108 -0.0296001 
v 0.3424 0.141909 -0.0296001 
v 0.459 0.190108 -0.5 
v 0.363602 0.072409 -0.0298004 
v 0.284 0.0565093 0.176399 
v 0.267502 0.110808 0.176399 
v 0.370602 7.92742e-06 -0.0296001 
v 0.284 -0.0564916 0.176399 
v 0.2896 7.92742e-06 0.176399 
v 0.363602 -0.072292 -0.0298004 
v 0.496799 7.92742e-06 -0.5 
v 0.284 0.0565093 0.176399 
v 0.370602 7.92742e-06 -0.0296001 
v 0.2896 7.92742e-06 0.176399 
v 0.363602 0.072409 -0.0298004 
v 0.496799 7.92742e-06 -0.5 
v 0.363602 -0.072292 -0.0298004 
v 0.459 -0.190092 -0.5 
v 0.3424 -0.141792 -0.0296001 
v 0.284 -0.0564916 0.176399 
v 0.267502 -0.110792 0.176399 
v -0.370598 7.92742e-06 -0.0296001 
v 0.308201 -0.205892 -0.0298004 
v 0.351303 -0.351192 -0.5 
v 0.2621 -0.261991 -0.0296001 
v 0.3424 -0.141792 -0.0296001 
v 0.459 -0.190092 -0.5 
v 0.308201 -0.205892 -0.0298004 
v 0.2621 0.262108 -0.0296001 
v 0.351303 0.351309 -0.5 
v 0.308201 0.206009 -0.0298004 
v 0.308201 0.206009 -0.0298004 
v 0.459 0.190108 -0.5 
v 0.3424 0.141909 -0.0296001 
v -0.3106 0.207608 -0.0153008 
v -0.461899 0.191408 -0.4867 
v -0.3535 0.353607 -0.4867 
v 0.3106 0.207608 -0.0153008 
v 0.3536 0.353607 -0.4867 
v -0.2075 0.310608 -0.0153008 
v -0.142899 0.345208 -0.0153008 
v -0.191299 0.462008 -0.4867 
v 0.143002 0.345208 -0.0153008 
v 0.2076 0.310608 -0.0153008 
v 0.191402 0.462008 -0.4867 
v -0.3106 -0.207493 -0.0153008 
v -0.461899 -0.191292 -0.4867 
v -0.264099 -0.264091 -0.0153008 
v -0.3535 -0.353492 -0.4867 
v -0.142899 -0.345092 -0.0153008 
v -0.2075 -0.310592 -0.0153008 
v -0.191299 -0.461891 -0.4867 
v -0.2075 -0.310592 -0.0153008 
v -0.264099 -0.264091 -0.0153008 
v -0.3535 -0.353492 -0.4867 
v 0.2076 -0.310592 -0.0153008 
v 0.143002 -0.345092 -0.0153008 
v 0.191402 -0.461891 -0.4867 
v 0.264202 -0.264091 -0.0153008 
v 0.2076 -0.310592 -0.0153008 
v 0.3536 -0.353492 -0.4867 
v 0.3106 -0.207493 -0.0153008 
v 0.3451 -0.142893 -0.0153008 
v -0.0728989 0.366408 -0.0153008 
v -0.111698 0.269709 0.1924 
v 0 0.373608 -0.0153008 
v 0 0.500008 -0.4867 
v 0 0.291909 0.1924 
v 0.0729027 0.366408 -0.0153008 
v 0.057003 0.286309 0.1924 
v 0.111702 0.269709 0.1924 
v -0.291798 7.92742e-06 0.1924 
v -0.5 7.92742e-06 -0.4867 
v -0.366398 0.0729087 -0.0153008 
v -0.2696 0.111708 0.1924 
v -0.111698 -0.269592 0.1924 
v -0.0728989 -0.366291 -0.0153008 
v -0.0569 -0.286192 0.1924 
v -0.142899 -0.345092 -0.0153008 
v -0.191299 -0.461891 -0.4867 
v 0.057003 -0.286192 0.1924 
v 0.0729027 -0.366291 -0.0153008 
v 0.111702 -0.269592 0.1924 
v 0.143002 -0.345092 -0.0153008 
v 0.191402 -0.461891 -0.4867 
v 0.366402 -0.0727918 -0.0153008 
v 0.3736 7.92742e-06 -0.0153008 
v 0.5 7.92742e-06 -0.4867 
v 0.286301 0.057009 0.1924 
v 0 -0.499992 -0.4867 
v 0.0729027 -0.366291 -0.0153008 
v 0 -0.373491 -0.0153008 
v 0 -0.291792 0.1924 
v 0.057003 -0.286192 0.1924 
v -0.0728989 -0.366291 -0.0153008 
v 0 -0.499992 -0.4867 
v 0 -0.373491 -0.0153008 
v 0 -0.291792 0.1924 
v -0.0569 -0.286192 0.1924 
v 0.0340004 -0.0226914 0.5 
v -0.0289001 -0.0288922 0.5 
v -0.0407982 7.92742e-06 0.5 
v -0.206299 0.206408 0.1924 
v 0.242702 -0.162092 0.1924 
v 0.206402 0.206408 0.1924 
v -0.162098 -0.242592 0.1924 
v -0.142899 -0.345092 -0.0153008 
v -0.111698 -0.269592 0.1924 
v -0.2075 -0.310592 -0.0153008 
v -0.162098 -0.242592 0.1924 
v -0.264099 -0.264091 -0.0153008 
v -0.2075 -0.310592 -0.0153008 
v -0.206299 -0.206291 0.1924 
v 0.111702 -0.269592 0.1924 
v 0.143002 -0.345092 -0.0153008 
v 0.162201 -0.242592 0.1924 
v 0.143002 -0.345092 -0.0153008 
v 0.2076 -0.310592 -0.0153008 
v 0.2076 -0.310592 -0.0153008 
v 0.206402 -0.206291 0.1924 
v 0.162201 -0.242592 0.1924 
v 0.264202 -0.264091 -0.0153008 
v 0.0906029 -0.0374925 0.458599 
v -0.0191002 -0.0960919 0.458599 
v -0.0814972 -0.0543916 0.458599 
v -0.0374985 0.0906089 0.458599 
v -0.0191002 0.0962089 0.458599 
v -0.0814972 0.0545085 0.458599 
v 0.0289001 0.0289081 0.5 
v 0.0693016 0.0693076 0.458599 
v 0.0545006 0.0815089 0.458599 
v 0.0375023 0.0906089 0.458599 
v -0.191299 0.127909 0.3055 
v -0.162697 0.162709 0.3055 
v -0.1278 0.191309 0.3055 
v -0.044899 0.225708 0.3055 
v -0.0879974 -0.212492 0.3055 
v -0.162098 -0.242592 0.1924 
v -0.111698 -0.269592 0.1924 
v -0.1278 -0.191292 0.3055 
v -0.1278 -0.191292 0.3055 
v -0.206299 -0.206291 0.1924 
v -0.162098 -0.242592 0.1924 
v -0.162697 -0.162691 0.3055 
v 0.162201 -0.242592 0.1924 
v 0.0881004 -0.212492 0.3055 
v 0.111702 -0.269592 0.1924 
v 0.1278 -0.191292 0.3055 
v 0.206402 -0.206291 0.1924 
v 0.1278 -0.191292 0.3055 
v 0.162201 -0.242592 0.1924 
v 0.162701 -0.162691 0.3055 
v 0 0.230109 0.3055 
v 0.0449028 0.225708 0.3055 
v 0.0881004 0.212609 0.3055 
v 0.162701 0.162709 0.3055 
v -0.0569 -0.286192 0.1924 
v 0 -0.229992 0.3055 
v -0.044899 -0.225591 0.3055 
v 0 -0.291792 0.1924 
v -0.0879974 -0.212492 0.3055 
v -0.0569 -0.286192 0.1924 
v -0.044899 -0.225591 0.3055 
v -0.111698 -0.269592 0.1924 
v 0.057003 -0.286192 0.1924 
v 0.111702 -0.269592 0.1924 
v 0.0881004 -0.212492 0.3055 
v 0.0449028 -0.225591 0.3055 
v 0.057003 -0.286192 0.1924 
v 0 -0.229992 0.3055 
v 0 -0.291792 0.1924 
v 0.0449028 -0.225591 0.3055 
v -0.159599 0.0662082 0.378399 
v -0.122097 0.122208 0.378399 
v -0.033699 0.169508 0.378399 
v 0.1222 0.122208 0.378399 
v 0.0337029 -0.169391 0.378399 
v 0.0449028 -0.225591 0.3055 
v 0.0661011 -0.159591 0.378399 
v 0.0881004 -0.212492 0.3055 
v 0 -0.172691 0.378399 
v 0.0449028 -0.225591 0.3055 
v 0.0337029 -0.169391 0.378399 
v 0 -0.229992 0.3055 
v 0 -0.172691 0.378399 
v -0.044899 -0.225591 0.3055 
v 0 -0.229992 0.3055 
v -0.033699 -0.169391 0.378399 
v -0.0660973 -0.159591 0.378399 
v -0.044899 -0.225591 0.3055 
v -0.033699 -0.169391 0.378399 
v -0.0879974 -0.212492 0.3055 
v -0.0660973 -0.159591 0.378399 
v -0.1278 -0.191292 0.3055 
v -0.0879974 -0.212492 0.3055 
v -0.1278 -0.191292 0.3055 
v -0.0660973 -0.159591 0.378399 
v -0.0959969 -0.143593 0.378399 
v -0.122097 -0.122091 0.378399 
v 0.1278 -0.191292 0.3055 
v 0.0661011 -0.159591 0.378399 
v 0.0881004 -0.212492 0.3055 
v 0.0661011 -0.159591 0.378399 
v 0.1278 -0.191292 0.3055 
v 0.0960007 -0.143593 0.378399 
v 0.1222 -0.122091 0.378399 
v 0.0337029 -0.169391 0.378399 
v 0.0661011 -0.159591 0.378399 
v 0.0375023 -0.090492 0.458599 
v 0.0191002 -0.0960919 0.458599 
v 0.0375023 -0.090492 0.458599 
v -0.0374985 -0.090492 0.458599 
v -0.033699 -0.169391 0.378399 
v -0.0191002 -0.0960919 0.458599 
v -0.0374985 -0.090492 0.458599 
v -0.0660973 -0.159591 0.378399 
v 0 -0.0979916 0.458599 
v 0.0337029 -0.169391 0.378399 
v 0.0191002 -0.0960919 0.458599 
v 0 -0.172691 0.378399 
v 0 -0.0979916 0.458599 
v -0.033699 -0.169391 0.378399 
v 0 -0.172691 0.378399 
v -0.0191002 -0.0960919 0.458599 
v 0.230103 7.92742e-06 0.3055 
v 0.462002 -0.191292 -0.4867 
v 0.308201 -0.205892 -0.0298004 
v 0.459 -0.190092 -0.5 
v 0.462002 0.191408 -0.4867 
v 0.363602 0.072409 -0.0298004 
v 0.459 0.190108 -0.5 
v -0.363499 0.072409 -0.0298004 
v -0.461899 0.191408 -0.4867 
v -0.4589 0.190108 -0.5 
v -0.308197 -0.205892 -0.0298004 
v -0.461899 -0.191292 -0.4867 
v -0.4589 -0.190092 -0.5 
v -0.0723 0.363608 -0.0298004 
v 0.5 7.92742e-06 -0.4867 
v 0.363602 -0.072292 -0.0298004 
v 0.496799 7.92742e-06 -0.5 
v 0.3536 -0.353492 -0.4867 
v 0.206001 -0.308191 -0.0298004 
v 0.351303 -0.351192 -0.5 
v -0.205898 -0.308191 -0.0298004 
v -0.3535 -0.353492 -0.4867 
v -0.3512 -0.351192 -0.5 
v -0.363499 -0.072292 -0.0298004 
v -0.5 7.92742e-06 -0.4867 
v -0.4967 7.92742e-06 -0.5 
v 0.363602 -0.072292 -0.0298004 
v 0.5 7.92742e-06 -0.4867 
v 0.366402 -0.0727918 -0.0153008 
v -0.5 7.92742e-06 -0.4867 
v -0.363499 -0.072292 -0.0298004 
v -0.366398 -0.0727918 -0.0153008 
v 0.206001 -0.308191 -0.0298004 
v 0.3536 -0.353492 -0.4867 
v 0.2076 -0.310592 -0.0153008 
v 0.308201 -0.205892 -0.0298004 
v 0.462002 -0.191292 -0.4867 
v 0.3106 -0.207493 -0.0153008 
v -0.461899 -0.191292 -0.4867 
v -0.308197 -0.205892 -0.0298004 
v -0.3106 -0.207493 -0.0153008 
v -0.3535 -0.353492 -0.4867 
v -0.205898 -0.308191 -0.0298004 
v -0.2075 -0.310592 -0.0153008 
v 0.363602 0.072409 -0.0298004 
v 0.462002 0.191408 -0.4867 
v 0.366402 0.0729087 -0.0153008 
v -0.461899 0.191408 -0.4867 
v -0.363499 0.072409 -0.0298004 
v -0.366398 0.0729087 -0.0153008 
v -0.0685005 -0.0684907 0.440701 
v 0.0189018 0.0951083 0.440701 
v 0.0656013 0.158408 0.360899 
v 0.0371017 0.0896075 0.440701 
v 0.0335007 0.168108 0.360899 
v 0.121201 0.121208 0.360899 
v -0.0655975 0.158408 0.360899 
v -0.0333977 0.168108 0.360899 
v -0.0370979 0.0896075 0.440701 
v -0.0655975 0.158408 0.360899 
v -0.0370979 0.0896075 0.440701 
v -0.018898 0.0951083 0.440701 
v 0 0.171408 0.360899 
v -0.018898 0.0951083 0.440701 
v -0.0333977 0.168108 0.360899 
v -0.018898 0.0951083 0.440701 
v 0 0.171408 0.360899 
v 0 0.097008 0.440701 
v 0 0.171408 0.360899 
v 0.0189018 0.0951083 0.440701 
v 0 0.097008 0.440701 
v 0.0189018 0.0951083 0.440701 
v 0 0.171408 0.360899 
v 0.0335007 0.168108 0.360899 
v 0.0874023 -0.210891 0.288401 
v 0.0656013 0.158408 0.360899 
v 0.1269 0.189909 0.288401 
v 0.0951996 0.142609 0.360899 
v 0.0335007 0.168108 0.360899 
v 0.0874023 0.211008 0.288401 
v 0.0656013 0.158408 0.360899 
v 0.0656013 0.158408 0.360899 
v 0.0874023 0.211008 0.288401 
v 0.1269 0.189909 0.288401 
v 0.0874023 0.211008 0.288401 
v 0.0335007 0.168108 0.360899 
v 0.0446014 0.224009 0.288401 
v -0.126801 0.189909 0.288401 
v -0.0655975 0.158408 0.360899 
v -0.0951996 0.142609 0.360899 
v -0.0873985 0.211008 0.288401 
v -0.0444984 0.224009 0.288401 
v -0.0655975 0.158408 0.360899 
v -0.0873985 0.211008 0.288401 
v -0.0333977 0.168108 0.360899 
v 0 0.228409 0.288401 
v -0.0333977 0.168108 0.360899 
v -0.0444984 0.224009 0.288401 
v 0 0.171408 0.360899 
v 0 0.228409 0.288401 
v 0.0335007 0.168108 0.360899 
v 0 0.171408 0.360899 
v 0.0335007 0.168108 0.360899 
v 0.0446014 0.224009 0.288401 
v 0.0335999 -0.022392 0.4818 
v -0.0223999 0.0336078 0.4818 
v 0.0564995 -0.283891 0.176399 
v -0.160797 0.240809 0.176399 
v -0.1614 0.161509 0.288401 
v -0.2047 0.204808 0.176399 
v -0.126801 0.189909 0.288401 
v 0.0564995 0.284008 0.176399 
v 0.0874023 0.211008 0.288401 
v 0.0446014 0.224009 0.288401 
v 0.110802 0.267508 0.176399 
v 0.110802 0.267508 0.176399 
v 0.1269 0.189909 0.288401 
v 0.0874023 0.211008 0.288401 
v 0.110802 0.267508 0.176399 
v 0.1609 0.240809 0.176399 
v 0.1609 0.240809 0.176399 
v 0.161503 0.161509 0.288401 
v 0.1269 0.189909 0.288401 
v 0.2048 0.204808 0.176399 
v 0.240803 0.160908 0.176399 
v -0.160797 0.240809 0.176399 
v -0.0873985 0.211008 0.288401 
v -0.126801 0.189909 0.288401 
v -0.110798 0.267508 0.176399 
v -0.0564995 0.284008 0.176399 
v -0.0873985 0.211008 0.288401 
v -0.110798 0.267508 0.176399 
v -0.0564995 0.284008 0.176399 
v -0.0444984 0.224009 0.288401 
v -0.0564995 0.284008 0.176399 
v 0 0.228409 0.288401 
v -0.0444984 0.224009 0.288401 
v 0 0.289608 0.176399 
v 0.0564995 0.284008 0.176399 
v 0 0.228409 0.288401 
v 0 0.289608 0.176399 
v 0.0446014 0.224009 0.288401 
v 0.141903 -0.342392 -0.0296001 
v 0.2621 -0.261991 -0.0296001 
v 0.141903 0.342509 -0.0296001 
v 0.1609 0.240809 0.176399 
v 0.110802 0.267508 0.176399 
v 0.206001 0.308308 -0.0298004 
v 0.1609 0.240809 0.176399 
v 0.206001 0.308308 -0.0298004 
v 0.2621 0.262108 -0.0296001 
v 0.2048 0.204808 0.176399 
v -0.2621 0.262108 -0.0296001 
v -0.2621 0.262108 -0.0296001 
v -0.160797 0.240809 0.176399 
v -0.2047 0.204808 0.176399 
v -0.205898 0.308308 -0.0298004 
v -0.1418 0.342509 -0.0296001 
v -0.160797 0.240809 0.176399 
v -0.205898 0.308308 -0.0298004 
v -0.110798 0.267508 0.176399 
v 0 -0.370592 -0.0296001 
v 0.0564995 0.284008 0.176399 
v 0.141903 0.342509 -0.0296001 
v 0.110802 0.267508 0.176399 
v 0.0723 0.363608 -0.0298004 
v 0.190102 0.459008 -0.5 
v 0.0564995 0.284008 0.176399 
v -0.1418 0.342509 -0.0296001 
v -0.190098 0.459008 -0.5 
v -0.0723 0.363608 -0.0298004 
v -0.0564995 0.284008 0.176399 
v -0.110798 0.267508 0.176399 
v 0 0.370709 -0.0296001 
v -0.0564995 0.284008 0.176399 
v -0.0723 0.363608 -0.0298004 
v 0 0.496809 -0.5 
v -0.0564995 0.284008 0.176399 
v 0 0.289608 0.176399 
v 0 0.370709 -0.0296001 
v 0 0.496809 -0.5 
v 0.0723 0.363608 -0.0298004 
v 0.0564995 0.284008 0.176399 
v 0 0.289608 0.176399 
v 0.206001 0.308308 -0.0298004 
v 0.351303 0.351309 -0.5 
v 0.2621 0.262108 -0.0296001 
v -0.2621 0.262108 -0.0296001 
v -0.3512 0.351309 -0.5 
v -0.205898 0.308308 -0.0298004 
v -0.205898 0.308308 -0.0298004 
v -0.190098 0.459008 -0.5 
v -0.1418 0.342509 -0.0296001 
v 0.141903 0.342509 -0.0296001 
v 0.190102 0.459008 -0.5 
v 0.206001 0.308308 -0.0298004 
v -0.264099 -0.264091 -0.0153008 
v -0.291798 7.92742e-06 0.1924 
v 0 -0.291792 0.1924 
v -0.0289001 -0.0288922 0.5 
v 0.0906029 -0.0374925 0.458599 
v 0.0693016 -0.0692918 0.458599 
v -0.0191002 -0.0960919 0.458599 
v -0.0814972 -0.0543916 0.458599 
v -0.0374985 0.0906089 0.458599 
v -0.0191002 0.0962089 0.458599 
v -0.0814972 0.0545085 0.458599 
v 0.0906029 0.0375083 0.458599 
v 0.0289001 0.0289081 0.5 
v 0.0693016 0.0693076 0.458599 
v 0.0545006 0.0815089 0.458599 
v 0.0375023 0.0906089 0.458599 
v -0.191299 -0.127792 0.3055 
v -0.225597 -0.0447919 0.3055 
v -0.191299 0.127909 0.3055 
v -0.162697 0.162709 0.3055 
v -0.1278 0.191309 0.3055 
v -0.044899 0.225708 0.3055 
v -0.162697 -0.162691 0.3055 
v 0.1278 -0.191292 0.3055 
v 0.212601 -0.0879914 0.3055 
v 0.2257 -0.0447919 0.3055 
v 0 0.230109 0.3055 
v 0.0449028 0.225708 0.3055 
v 0.212601 0.0881084 0.3055 
v 0.2257 0.0449088 0.3055 
v 0.0881004 0.212609 0.3055 
v 0.162701 0.162709 0.3055 
v 0.191299 0.127909 0.3055 
v -0.044899 -0.225591 0.3055 
v -0.169399 -0.0336911 0.378399 
v -0.159599 0.0662082 0.378399 
v -0.122097 0.122208 0.378399 
v 0.1222 0.122208 0.378399 
v 0.0337029 -0.169391 0.378399 
v 0.0661011 -0.159591 0.378399 
v -0.033699 -0.169391 0.378399 
v -0.122097 -0.122091 0.378399 
v 0.1222 -0.122091 0.378399 
v 0.0960999 -0.0190923 0.458599 
v 0.230103 7.92742e-06 0.3055 
v -0.169399 0.0337089 0.378399 
v 0.0951004 0.0189078 0.440701 
v 0.0396996 0.00790817 0.4818 
v 0.0374031 0.0155089 0.4818 
v 0.0895996 0.0371078 0.440701 
v 0.0404015 7.92742e-06 0.4818 
v 0.0951004 -0.018892 0.440701 
v 0.0396996 -0.00779122 0.4818 
v 0.0970001 7.92742e-06 0.440701 
v 0.0951004 -0.018892 0.440701 
v 0.0374031 -0.015392 0.4818 
v 0.0895996 -0.0370919 0.440701 
v 0.0396996 -0.00779122 0.4818 
v 0.168102 -0.0333917 0.360899 
v 0.158401 -0.0655915 0.360899 
v 0.158401 0.0656093 0.360899 
v -0.1898 -0.126791 0.288401 
v -0.121201 -0.121191 0.360899 
v -0.1614 -0.161392 0.288401 
v -0.142498 -0.0951917 0.360899 
v -0.0895004 -0.0370919 0.440701 
v -0.0805969 -0.0537907 0.440701 
v -0.142498 -0.0951917 0.360899 
v -0.158298 -0.0655915 0.360899 
v -0.0968971 7.92742e-06 0.440701 
v -0.0403976 7.92742e-06 0.4818 
v -0.0951004 -0.018892 0.440701 
v -0.0951004 0.0189078 0.440701 
v -0.0951004 -0.018892 0.440701 
v -0.0396004 -0.00779122 0.4818 
v -0.0396004 0.00790817 0.4818 
v -0.0373001 0.0155089 0.4818 
v -0.0895004 0.0371078 0.440701 
v -0.0373001 -0.015392 0.4818 
v -0.0895004 -0.0370919 0.440701 
v -0.0396004 -0.00779122 0.4818 
v -0.0951996 -0.142492 0.360899 
v -0.0370979 -0.0894925 0.440701 
v -0.0655975 -0.158292 0.360899 
v -0.0537987 -0.0805909 0.440701 
v -0.0685005 -0.0684907 0.440701 
v -0.0951996 -0.142492 0.360899 
v -0.121201 -0.121191 0.360899 
v -0.0951996 -0.142492 0.360899 
v -0.0685005 -0.0684907 0.440701 
v -0.0537987 -0.0805909 0.440701 
v -0.142498 -0.0951917 0.360899 
v -0.0685005 -0.0684907 0.440701 
v -0.121201 -0.121191 0.360899 
v -0.0805969 -0.0537907 0.440701 
v -0.0895004 0.0371078 0.440701 
v -0.158298 0.0656093 0.360899 
v -0.142498 0.0953086 0.360899 
v -0.0805969 0.0539077 0.440701 
v 0.0656013 0.158408 0.360899 
v 0.0371017 0.0896075 0.440701 
v 0.0951996 0.142609 0.360899 
v 0.0539017 0.0806087 0.440701 
v 0.0656013 0.158408 0.360899 
v 0.0951996 0.142609 0.360899 
v 0.0685997 0.0686076 0.440701 
v 0.0539017 0.0806087 0.440701 
v 0.142502 0.0953086 0.360899 
v 0.0806007 0.0539077 0.440701 
v 0.0685997 0.0686076 0.440701 
v 0.121201 0.121208 0.360899 
v 0.142502 0.0953086 0.360899 
v 0.0895996 0.0371078 0.440701 
v 0.0806007 0.0539077 0.440701 
v 0.158401 0.0656093 0.360899 
v 0.0685997 0.0686076 0.440701 
v 0.0951996 0.142609 0.360899 
v 0.121201 0.121208 0.360899 
v 0.0371017 -0.0894925 0.440701 
v 0.0951996 -0.142492 0.360899 
v 0.0656013 -0.158292 0.360899 
v 0.0539017 -0.0805909 0.440701 
v 0.142502 -0.0951917 0.360899 
v 0.0895996 -0.0370919 0.440701 
v 0.158401 -0.0655915 0.360899 
v 0.142502 -0.0951917 0.360899 
v 0.0806007 -0.0537907 0.440701 
v 0.0685997 -0.0684907 0.440701 
v 0.121201 -0.121191 0.360899 
v 0.0951996 -0.142492 0.360899 
v 0.0685997 -0.0684907 0.440701 
v 0.142502 -0.0951917 0.360899 
v 0.121201 -0.121191 0.360899 
v 0.0806007 -0.0537907 0.440701 
v 0.0685997 -0.0684907 0.440701 
v 0.0951996 -0.142492 0.360899 
v 0.0539017 -0.0805909 0.440701 
v -0.142498 0.0953086 0.360899 
v -0.0685005 0.0686076 0.440701 
v -0.0805969 0.0539077 0.440701 
v -0.121201 0.121208 0.360899 
v -0.0951996 0.142609 0.360899 
v -0.0537987 0.0806087 0.440701 
v -0.0685005 0.0686076 0.440701 
v -0.0951996 0.142609 0.360899 
v -0.0685005 0.0686076 0.440701 
v -0.121201 0.121208 0.360899 
v -0.0951996 0.142609 0.360899 
v -0.0370979 0.0896075 0.440701 
v -0.0537987 0.0806087 0.440701 
v -0.0655975 0.158408 0.360899 
v -0.0333977 0.168108 0.360899 
v -0.121201 -0.121191 0.360899 
v -0.126801 -0.189792 0.288401 
v -0.1614 -0.161392 0.288401 
v -0.0951996 -0.142492 0.360899 
v 0.121201 0.121208 0.360899 
v 0.161503 0.161509 0.288401 
v 0.189899 0.126908 0.288401 
v 0.142502 0.0953086 0.360899 
v 0.121201 -0.121191 0.360899 
v 0.189899 -0.126791 0.288401 
v 0.161503 -0.161392 0.288401 
v 0.142502 -0.0951917 0.360899 
v 0.1269 -0.189792 0.288401 
v 0.121201 -0.121191 0.360899 
v 0.161503 -0.161392 0.288401 
v 0.0951996 -0.142492 0.360899 
v 0.1269 0.189909 0.288401 
v 0.121201 0.121208 0.360899 
v 0.0951996 0.142609 0.360899 
v 0.161503 0.161509 0.288401 
v -0.1898 0.126908 0.288401 
v -0.121201 0.121208 0.360899 
v -0.142498 0.0953086 0.360899 
v -0.1614 0.161509 0.288401 
v -0.126801 0.189909 0.288401 
v -0.0951996 0.142609 0.360899 
v -0.121201 0.121208 0.360899 
v -0.1614 0.161509 0.288401 
v 0.0225029 -0.0335919 0.4818 
v 0.0371017 -0.0894925 0.440701 
v 0.0155029 -0.0372922 0.4818 
v 0.0225029 -0.0335919 0.4818 
v 0.0539017 -0.0805909 0.440701 
v 0.0155029 -0.0372922 0.4818 
v 0.0371017 -0.0894925 0.440701 
v 0.0189018 -0.0949914 0.440701 
v 0.00790024 -0.0395924 0.4818 
v 0 -0.0403916 0.4818 
v 0.0189018 -0.0949914 0.440701 
v 0 -0.0968911 0.440701 
v 0.0189018 -0.0949914 0.440701 
v 0.00790024 -0.0395924 0.4818 
v 0 -0.0403916 0.4818 
v 0 -0.0968911 0.440701 
v -0.018898 -0.0949914 0.440701 
v -0.018898 -0.0949914 0.440701 
v -0.00790024 -0.0395924 0.4818 
v -0.018898 -0.0949914 0.440701 
v -0.0153999 -0.0372922 0.4818 
v -0.00790024 -0.0395924 0.4818 
v -0.0370979 -0.0894925 0.440701 
v -0.0223999 -0.0335919 0.4818 
v -0.0370979 -0.0894925 0.440701 
v -0.0537987 -0.0805909 0.440701 
v -0.0223999 -0.0335919 0.4818 
v -0.0153999 -0.0372922 0.4818 
v -0.0285988 -0.0284917 0.4818 
v -0.0537987 -0.0805909 0.440701 
v -0.0685005 -0.0684907 0.440701 
v -0.0537987 -0.0805909 0.440701 
v -0.0285988 -0.0284917 0.4818 
v -0.0223999 -0.0335919 0.4818 
v -0.0805969 -0.0537907 0.440701 
v -0.0285988 -0.0284917 0.4818 
v -0.0685005 -0.0684907 0.440701 
v -0.0335999 -0.022392 0.4818 
v -0.0895004 -0.0370919 0.440701 
v -0.0335999 -0.022392 0.4818 
v -0.0805969 -0.0537907 0.440701 
v -0.0373001 -0.015392 0.4818 
v -0.0335999 0.0225089 0.4818 
v -0.0895004 0.0371078 0.440701 
v -0.0805969 0.0539077 0.440701 
v -0.0373001 0.0155089 0.4818 
v 0.0155029 0.0374091 0.4818 
v 0.0189018 0.0951083 0.440701 
v 0.0371017 0.0896075 0.440701 
v 0.00790024 0.0397075 0.4818 
v 0.0895996 0.0371078 0.440701 
v 0.0374031 0.0155089 0.4818 
v 0.0335999 0.0225089 0.4818 
v 0.0806007 0.0539077 0.440701 
v 0.0371017 0.0896075 0.440701 
v 0.0225029 0.0336078 0.4818 
v 0.0155029 0.0374091 0.4818 
v 0.0371017 0.0896075 0.440701 
v 0.0539017 0.0806087 0.440701 
v 0.0539017 0.0806087 0.440701 
v 0.0286026 0.0286086 0.4818 
v 0.0225029 0.0336078 0.4818 
v 0.0685997 0.0686076 0.440701 
v 0.0806007 0.0539077 0.440701 
v 0.0335999 0.0225089 0.4818 
v 0.0286026 0.0286086 0.4818 
v 0.0685997 0.0686076 0.440701 
v 0.0286026 -0.0284917 0.4818 
v 0.0685997 -0.0684907 0.440701 
v 0.0539017 -0.0805909 0.440701 
v 0.0286026 -0.0284917 0.4818 
v 0.0806007 -0.0537907 0.440701 
v 0.0685997 -0.0684907 0.440701 
v 0.0335999 -0.022392 0.4818 
v 0.0286026 -0.0284917 0.4818 
v 0.0539017 -0.0805909 0.440701 
v 0.0225029 -0.0335919 0.4818 
v 0.0335999 -0.022392 0.4818 
v 0.0895996 -0.0370919 0.440701 
v 0.0806007 -0.0537907 0.440701 
v 0.0374031 -0.015392 0.4818 
v -0.0805969 0.0539077 0.440701 
v -0.0285988 0.0286086 0.4818 
v -0.0335999 0.0225089 0.4818 
v -0.0685005 0.0686076 0.440701 
v -0.0537987 0.0806087 0.440701 
v -0.0285988 0.0286086 0.4818 
v -0.0685005 0.0686076 0.440701 
v -0.0223999 0.0336078 0.4818 
v -0.0285988 0.0286086 0.4818 
v -0.0370979 0.0896075 0.440701 
v -0.0223999 0.0336078 0.4818 
v -0.0537987 0.0806087 0.440701 
v -0.0370979 0.0896075 0.440701 
v -0.0153999 0.0374091 0.4818 
v -0.018898 0.0951083 0.440701 
v -0.0153999 0.0374091 0.4818 
v -0.0370979 0.0896075 0.440701 
v -0.00790024 0.0397075 0.4818 
v 0 0.0405086 0.4818 
v -0.018898 0.0951083 0.440701 
v 0 0.097008 0.440701 
v -0.018898 0.0951083 0.440701 
v -0.00790024 0.0397075 0.4818 
v 0.0189018 0.0951083 0.440701 
v 0 0.0405086 0.4818 
v 0 0.097008 0.440701 
v 0.0189018 0.0951083 0.440701 
v 0.00790024 0.0397075 0.4818 
v 0.0155029 -0.0372922 0.4818 
v 0.0374031 -0.015392 0.4818 
v 0.0225029 -0.0335919 0.4818 
v 0.0155029 -0.0372922 0.4818 
v 0.0396996 0.00790817 0.4818 
v 0.0374031 -0.015392 0.4818 
v 0.0225029 -0.0335919 0.4818 
v 0.0335999 -0.022392 0.4818 
v 0.00790024 -0.0395924 0.4818 
v -0.00790024 -0.0395924 0.4818 
v 0 -0.0403916 0.4818 
v -0.0153999 -0.0372922 0.4818 
v -0.0373001 -0.015392 0.4818 
v -0.0223999 -0.0335919 0.4818 
v -0.0335999 -0.022392 0.4818 
v 0.0374031 0.0155089 0.4818 
v -0.0373001 0.0155089 0.4818 
v -0.00790024 0.0397075 0.4818 
v -0.0153999 0.0374091 0.4818 
v 0.0155029 0.0374091 0.4818 
v 0.0335999 0.0225089 0.4818 
v 0.00790024 0.0397075 0.4818 
v 0 0.0405086 0.4818 
v 0.0225029 0.0336078 0.4818 
v 0.0286026 0.0286086 0.4818 
v -0.0335999 -0.022392 0.4818 
v -0.0223999 -0.0335919 0.4818 
v -0.0285988 -0.0284917 0.4818 
v -0.0373001 -0.015392 0.4818 
v -0.0153999 -0.0372922 0.4818 
v -0.0223999 -0.0335919 0.4818 
v -0.0373001 0.0155089 0.4818 
v -0.0396004 0.00790817 0.4818 
v -0.0396004 0.00790817 0.4818 
v -0.0396004 -0.00779122 0.4818 
v -0.0403976 7.92742e-06 0.4818 
v -0.0396004 0.00790817 0.4818 
v -0.0373001 -0.015392 0.4818 
v -0.0396004 -0.00779122 0.4818 
v 0.0396996 0.00790817 0.4818 
v 0.00790024 -0.0395924 0.4818 
v 0.0374031 0.0155089 0.4818 
v 0.0335999 0.0225089 0.4818 
v 0.0155029 0.0374091 0.4818 
v 0.0225029 0.0336078 0.4818 
v 0.0396996 0.00790817 0.4818 
v 0.0396996 -0.00779122 0.4818 
v 0.0374031 -0.015392 0.4818 
v 0.0396996 -0.00779122 0.4818 
v 0.0396996 0.00790817 0.4818 
v 0.0404015 7.92742e-06 0.4818 
v 0.0225029 -0.0335919 0.4818 
v 0.0335999 -0.022392 0.4818 
v 0.0286026 -0.0284917 0.4818 
v -0.0223999 0.0336078 0.4818 
v -0.0335999 0.0225089 0.4818 
v -0.0285988 0.0286086 0.4818 
v -0.0223999 0.0336078 0.4818 
v -0.0373001 0.0155089 0.4818 
v -0.0335999 0.0225089 0.4818 
v -0.0153999 0.0374091 0.4818 
v -0.0373001 0.0155089 0.4818 
v -0.0223999 0.0336078 0.4818 

vn -0.88189 0.362205 0.307087 
vn -0.787402 0.527559 0.314961 
vn -0.685039 0.685039 0.259843 
vn 0.677165 0.677165 0.307087 
vn 0.787402 0.527559 0.314961 
vn 0.685039 0.685039 0.259843 
vn -0.527559 0.787402 0.314961 
vn -0.362205 0.88189 0.307087 
vn -0.370079 0.889764 0.259843 
vn 0.527559 0.787402 0.314961 
vn -0.787402 -0.527559 0.314961 
vn -0.889764 -0.370079 0.259843 
vn -0.677165 -0.677165 0.307087 
vn -0.685039 -0.685039 0.259843 
vn -0.527559 -0.787402 0.314961 
vn -0.370079 -0.889764 0.259843 
vn 0.527559 -0.787402 0.314961 
vn 0.370079 -0.889764 0.259843 
vn 0.677165 -0.677165 0.307087 
vn 0.685039 -0.685039 0.259843 
vn 0.787402 -0.527559 0.314961 
vn 0.677165 -0.677165 0.307087 
vn 0.685039 -0.685039 0.259843 
vn 0.88189 -0.362205 0.307087 
vn 0.787402 -0.527559 0.314961 
vn 0.889764 -0.370079 0.259843 
vn 0.787402 0.527559 0.314961 
vn 0.88189 0.362205 0.307087 
vn 0.889764 0.370079 0.259843 
vn -0.181102 0.929134 0.314961 
vn 0 0.952756 0.307087 
vn 0 0.968504 0.259843 
vn 0 0.913386 0.417323 
vn 0.173228 0.889764 0.417323 
vn -0.929134 -0.181102 0.314961 
vn -0.889764 -0.181102 0.417323 
vn -0.84252 -0.346457 0.417323 
vn -0.913386 0 0.417323 
vn -0.968504 0 0.259843 
vn -0.889764 0.173228 0.417323 
vn -0.929134 0.181102 0.314961 
vn -0.84252 0.346457 0.417323 
vn -0.181102 -0.929134 0.314961 
vn 0.181102 -0.929134 0.314961 
vn 0.346457 -0.84252 0.417323 
vn 0.88189 -0.362205 0.307087 
vn 0.889764 -0.181102 0.417323 
vn 0.84252 -0.346457 0.417323 
vn 0.929134 -0.181102 0.314961 
vn 0.889764 -0.370079 0.259843 
vn 0.929134 -0.181102 0.314961 
vn 0.913386 0 0.417323 
vn 0.889764 -0.181102 0.417323 
vn 0.952756 0 0.307087 
vn 0.968504 0 0.259843 
vn 0.929134 0.181102 0.314961 
vn 0.952756 0 0.307087 
vn 0.968504 0 0.259843 
vn 0.889764 0.173228 0.417323 
vn 0.913386 0 0.417323 
vn 0.929134 0.181102 0.314961 
vn 0.84252 0.346457 0.417323 
vn 0.889764 0.173228 0.417323 
vn 0.88189 0.362205 0.307087 
vn 0.889764 0.370079 0.259843 
vn 0 -0.968504 0.259843 
vn 0 -0.913386 0.417323 
vn 0.299213 -0.19685 0.937008 
vn -0.251969 -0.251969 0.937008 
vn -0.354331 0 0.937008 
vn -0.645669 0.645669 0.417323 
vn 0.787402 -0.527559 0.314961 
vn 0.84252 -0.346457 0.417323 
vn 0.755906 -0.503937 0.417323 
vn 0.88189 -0.362205 0.307087 
vn 0.645669 0.645669 0.417323 
vn 0.787402 0.527559 0.314961 
vn 0.677165 0.677165 0.307087 
vn 0.645669 0.645669 0.417323 
vn 0.755906 0.503937 0.417323 
vn 0.84252 0.346457 0.417323 
vn 0.787402 0.527559 0.314961 
vn 0.755906 0.503937 0.417323 
vn 0.88189 0.362205 0.307087 
vn -0.645669 -0.645669 0.417323 
vn 0.645669 -0.645669 0.417323 
vn 0.677165 -0.677165 0.307087 
vn 0.755906 -0.503937 0.417323 
vn 0.645669 -0.645669 0.417323 
vn 0.787402 -0.527559 0.314961 
vn 0.622047 -0.259843 0.740157 
vn 0.472441 -0.472441 0.740157 
vn -0.559055 -0.370079 0.740157 
vn -0.259843 0.622047 0.740157 
vn -0.559055 0.370079 0.740157 
vn 0.622047 0.259843 0.740157 
vn 0.251969 0.251969 0.937008 
vn 0.472441 0.472441 0.740157 
vn -0.700787 -0.464567 0.543307 
vn -0.826772 -0.165354 0.543307 
vn -0.700787 0.464567 0.543307 
vn -0.598425 0.598425 0.543307 
vn -0.598425 -0.598425 0.543307 
vn 0.464567 -0.700787 0.543307 
vn 0.598425 -0.598425 0.543307 
vn 0.755906 -0.503937 0.417323 
vn 0.700787 -0.464567 0.543307 
vn 0.645669 -0.645669 0.417323 
vn 0.645669 -0.645669 0.417323 
vn 0.598425 -0.598425 0.543307 
vn 0.755906 -0.503937 0.417323 
vn 0.779528 -0.322835 0.543307 
vn 0.700787 -0.464567 0.543307 
vn 0.84252 -0.346457 0.417323 
vn 0.889764 -0.181102 0.417323 
vn 0.779528 -0.322835 0.543307 
vn 0.84252 -0.346457 0.417323 
vn 0.826772 -0.165354 0.543307 
vn 0 0.84252 0.543307 
vn 0.889764 0.173228 0.417323 
vn 0.779528 0.322835 0.543307 
vn 0.826772 0.165354 0.543307 
vn 0.84252 0.346457 0.417323 
vn 0.598425 0.598425 0.543307 
vn 0.598425 0.598425 0.543307 
vn 0.700787 0.464567 0.543307 
vn 0.755906 0.503937 0.417323 
vn 0.645669 0.645669 0.417323 
vn 0.779528 0.322835 0.543307 
vn 0.755906 0.503937 0.417323 
vn 0.700787 0.464567 0.543307 
vn 0.84252 0.346457 0.417323 
vn -0.165354 -0.826772 0.543307 
vn -0.748031 -0.149606 0.645669 
vn -0.700787 0.291339 0.645669 
vn -0.535433 0.543307 0.645669 
vn 0.700787 0.291339 0.645669 
vn 0.700787 0.464567 0.543307 
vn 0.629921 0.425197 0.645669 
vn 0.700787 0.464567 0.543307 
vn 0.779528 0.322835 0.543307 
vn 0.535433 0.535433 0.645669 
vn 0.291339 -0.700787 0.645669 
vn -0.149606 -0.748031 0.645669 
vn -0.535433 -0.535433 0.645669 
vn 0.425197 -0.629921 0.645669 
vn 0.543307 -0.535433 0.645669 
vn 0.779528 -0.322835 0.543307 
vn 0.629921 -0.425197 0.645669 
vn 0.700787 -0.464567 0.543307 
vn 0.700787 -0.291339 0.645669 
vn 0.661417 -0.133858 0.740157 
vn 0.669291 0 0.740157 
vn 0.748031 -0.149606 0.645669 
vn 0.661417 -0.133858 0.740157 
vn 0.661417 -0.133858 0.740157 
vn 0.700787 -0.291339 0.645669 
vn 0.622047 -0.259843 0.740157 
vn 0.76378 0 0.645669 
vn 0.748031 0.149606 0.645669 
vn 0.661417 0.133858 0.740157 
vn 0.622047 0.259843 0.740157 
vn 0.700787 0.291339 0.645669 
vn 0.826772 -0.165354 0.543307 
vn 0.748031 -0.149606 0.645669 
vn 0.700787 -0.291339 0.645669 
vn 0.779528 -0.322835 0.543307 
vn 0.748031 -0.149606 0.645669 
vn 0.84252 0 0.543307 
vn 0.748031 0.149606 0.645669 
vn 0.826772 0.165354 0.543307 
vn 0.700787 0.291339 0.645669 
vn 0.779528 0.322835 0.543307 
vn 0.748031 0.149606 0.645669 
vn 0.889764 -0.181102 0.417323 
vn 0.826772 -0.165354 0.543307 
vn 0.913386 0 0.417323 
vn 0.826772 0.165354 0.543307 
vn 0.889764 0.173228 0.417323 
vn -0.748031 0.149606 0.645669 
vn -0.795276 -0.606299 -0.0787402 
vn -0.984252 0.133858 -0.0787402 
vn -0.606299 -0.795276 -0.0787402 
vn 0.133858 -0.984252 -0.0787402 
vn -0.96063 0.259843 -0.0787402 
vn 0.96063 0.259843 -0.0787402 
vn 0.96063 0.259843 -0.0787402 
vn 0.96063 0.259843 -0.0787402 
vn 0.866142 0.496063 -0.0787402 
vn 0.866142 0.496063 -0.0787402 
vn 0.866142 0.496063 -0.0787402 
vn 0.866142 -0.496063 -0.0787402 
vn 0.866142 -0.496063 -0.0787402 
vn 0.866142 -0.496063 -0.0787402 
vn 0.96063 -0.259843 -0.0787402 
vn 0.96063 -0.259843 -0.0787402 
vn 0.96063 -0.259843 -0.0787402 
vn 0.795276 0.606299 -0.0787402 
vn 0.795276 0.606299 -0.0787402 
vn 0.795276 0.606299 -0.0787402 
vn 0.795276 -0.606299 -0.0787402 
vn 0.795276 -0.606299 -0.0787402 
vn 0.795276 -0.606299 -0.0787402 
vn 0.984252 0.133858 -0.0787402 
vn 0.984252 0.133858 -0.0787402 
vn 0.984252 0.133858 -0.0787402 
vn 0.984252 -0.133858 -0.0787402 
vn 0.984252 -0.133858 -0.0787402 
vn 0.984252 -0.133858 -0.0787402 
vn 0.795276 0.606299 -0.0787402 
vn 0.795276 0.606299 -0.0787402 
vn 0.795276 0.606299 -0.0787402 
vn 0.795276 -0.606299 -0.0787402 
vn 0.795276 -0.606299 -0.0787402 
vn 0.795276 -0.606299 -0.0787402 
vn 0.984252 0.133858 -0.0787402 
vn 0.984252 0.133858 -0.0787402 
vn 0.984252 0.133858 -0.0787402 
vn 0.866142 0.496063 -0.0787402 
vn 0.866142 0.496063 -0.0787402 
vn 0.866142 0.496063 -0.0787402 
vn 0.866142 -0.496063 -0.0787402 
vn 0.866142 -0.496063 -0.0787402 
vn 0.866142 -0.496063 -0.0787402 
vn 0.984252 -0.133858 -0.0787402 
vn 0.984252 -0.133858 -0.0787402 
vn 0.984252 -0.133858 -0.0787402 
vn 0.96063 0.259843 -0.0787402 
vn 0.96063 0.259843 -0.0787402 
vn 0.96063 0.259843 -0.0787402 
vn 0.96063 -0.259843 -0.0787402 
vn 0.96063 -0.259843 -0.0787402 
vn 0.96063 -0.259843 -0.0787402 
vn -0.700787 0.291339 -0.645669 
vn -0.700787 -0.291339 -0.645669 
vn -0.889764 -0.181102 -0.417323 
vn 0.700787 0.291339 -0.645669 
vn 0.661417 0.133858 -0.740157 
vn 0.622047 0.259843 -0.740157 
vn 0.748031 0.149606 -0.645669 
vn 0.661417 0.133858 -0.740157 
vn 0.76378 0 -0.645669 
vn 0.669291 0 -0.740157 
vn 0.661417 -0.133858 -0.740157 
vn 0.748031 -0.149606 -0.645669 
vn 0.622047 -0.259843 -0.740157 
vn 0.700787 -0.291339 -0.645669 
vn 0.661417 -0.133858 -0.740157 
vn -0.535433 -0.535433 -0.645669 
vn 0.291339 -0.700787 -0.645669 
vn 0.779528 0.322835 -0.543307 
vn 0.748031 0.149606 -0.645669 
vn 0.700787 0.291339 -0.645669 
vn 0.748031 0.149606 -0.645669 
vn 0.826772 0.165354 -0.543307 
vn 0.84252 0 -0.543307 
vn 0.826772 -0.165354 -0.543307 
vn 0.748031 -0.149606 -0.645669 
vn 0.700787 -0.291339 -0.645669 
vn 0.779528 -0.322835 -0.543307 
vn 0.889764 0.173228 -0.417323 
vn 0.826772 0.165354 -0.543307 
vn 0.913386 0 -0.417323 
vn 0.889764 -0.181102 -0.417323 
vn 0.826772 -0.165354 -0.543307 
vn 0.165354 0.826772 -0.543307 
vn 0.700787 0.464567 -0.543307 
vn 0.700787 0.291339 -0.645669 
vn 0.629921 0.425197 -0.645669 
vn 0.700787 0.464567 -0.543307 
vn 0.779528 0.322835 -0.543307 
vn 0.779528 -0.322835 -0.543307 
vn 0.700787 -0.464567 -0.543307 
vn 0.700787 -0.291339 -0.645669 
vn 0.700787 -0.464567 -0.543307 
vn 0.629921 -0.425197 -0.645669 
vn -0.299213 0.19685 -0.937008 
vn 0.19685 -0.299213 -0.937008 
vn 0.755906 0.503937 -0.417323 
vn 0.598425 0.598425 -0.543307 
vn 0.645669 0.645669 -0.417323 
vn 0.700787 0.464567 -0.543307 
vn 0.779528 0.322835 -0.543307 
vn 0.755906 0.503937 -0.417323 
vn 0.84252 0.346457 -0.417323 
vn 0.700787 0.464567 -0.543307 
vn 0.889764 0.173228 -0.417323 
vn 0.779528 0.322835 -0.543307 
vn 0.84252 0.346457 -0.417323 
vn 0.826772 0.165354 -0.543307 
vn 0.779528 -0.322835 -0.543307 
vn 0.889764 -0.181102 -0.417323 
vn 0.84252 -0.346457 -0.417323 
vn 0.826772 -0.165354 -0.543307 
vn 0.84252 -0.346457 -0.417323 
vn 0.700787 -0.464567 -0.543307 
vn 0.779528 -0.322835 -0.543307 
vn 0.755906 -0.503937 -0.417323 
vn 0.755906 -0.503937 -0.417323 
vn 0.598425 -0.598425 -0.543307 
vn 0.700787 -0.464567 -0.543307 
vn 0.645669 -0.645669 -0.417323 
vn -0.755906 -0.503937 -0.417323 
vn 0.677165 0.677165 -0.307087 
vn 0.755906 0.503937 -0.417323 
vn 0.677165 0.677165 -0.307087 
vn 0.787402 0.527559 -0.314961 
vn 0.645669 0.645669 -0.417323 
vn 0.88189 0.362205 -0.307087 
vn 0.755906 0.503937 -0.417323 
vn 0.787402 0.527559 -0.314961 
vn 0.84252 0.346457 -0.417323 
vn -0.677165 0.677165 -0.307087 
vn 0.755906 -0.503937 -0.417323 
vn 0.88189 -0.362205 -0.307087 
vn 0.787402 -0.527559 -0.314961 
vn 0.84252 -0.346457 -0.417323 
vn -0.677165 -0.677165 -0.307087 
vn -0.88189 -0.362205 -0.307087 
vn 0.677165 -0.677165 -0.307087 
vn 0.645669 -0.645669 -0.417323 
vn 0.755906 -0.503937 -0.417323 
vn 0.787402 -0.527559 -0.314961 
vn -0.952756 0 -0.307087 
vn 0.88189 0.362205 -0.307087 
vn 0.889764 0.370079 -0.259843 
vn 0.929134 0.181102 -0.314961 
vn 0.889764 0.173228 -0.417323 
vn 0.84252 0.346457 -0.417323 
vn 0.889764 0.173228 -0.417323 
vn 0.952756 0 -0.307087 
vn 0.913386 0 -0.417323 
vn 0.929134 0.181102 -0.314961 
vn 0.968504 0 -0.259843 
vn 0.889764 0.173228 -0.417323 
vn 0.952756 0 -0.307087 
vn 0.968504 0 -0.259843 
vn 0.929134 -0.181102 -0.314961 
vn 0.889764 -0.181102 -0.417323 
vn 0.913386 0 -0.417323 
vn 0.889764 -0.181102 -0.417323 
vn 0.929134 -0.181102 -0.314961 
vn 0.88189 -0.362205 -0.307087 
vn 0.889764 -0.370079 -0.259843 
vn 0.84252 -0.346457 -0.417323 
vn 0.889764 -0.181102 -0.417323 
vn 0.677165 0.677165 -0.307087 
vn 0.685039 0.685039 -0.259843 
vn 0.787402 0.527559 -0.314961 
vn 0.787402 0.527559 -0.314961 
vn 0.889764 0.370079 -0.259843 
vn 0.88189 0.362205 -0.307087 
vn 0.88189 -0.362205 -0.307087 
vn 0.889764 -0.370079 -0.259843 
vn 0.787402 -0.527559 -0.314961 
vn 0.787402 -0.527559 -0.314961 
vn 0.685039 -0.685039 -0.259843 
vn 0.677165 -0.677165 -0.307087 
vn -0.787402 0.527559 0.314961 
vn -0.889764 0.370079 0.259843 
vn -0.677165 0.677165 0.307087 
vn -0.685039 0.685039 0.259843 
vn 0.787402 0.527559 0.314961 
vn 0.685039 0.685039 0.259843 
vn -0.677165 0.677165 0.307087 
vn -0.527559 0.787402 0.314961 
vn -0.685039 0.685039 0.259843 
vn -0.527559 0.787402 0.314961 
vn -0.362205 0.88189 0.307087 
vn -0.370079 0.889764 0.259843 
vn 0.362205 0.88189 0.307087 
vn 0.527559 0.787402 0.314961 
vn 0.370079 0.889764 0.259843 
vn 0.527559 0.787402 0.314961 
vn 0.677165 0.677165 0.307087 
vn 0.685039 0.685039 0.259843 
vn -0.787402 -0.527559 0.314961 
vn -0.889764 -0.370079 0.259843 
vn -0.677165 -0.677165 0.307087 
vn -0.685039 -0.685039 0.259843 
vn -0.527559 -0.787402 0.314961 
vn -0.370079 -0.889764 0.259843 
vn 0.527559 -0.787402 0.314961 
vn 0.362205 -0.88189 0.307087 
vn 0.685039 -0.685039 0.259843 
vn 0.787402 -0.527559 0.314961 
vn 0.88189 -0.362205 0.307087 
vn 0.889764 -0.370079 0.259843 
vn -0.362205 0.88189 0.307087 
vn -0.181102 0.929134 0.314961 
vn -0.370079 0.889764 0.259843 
vn -0.346457 0.84252 0.417323 
vn -0.181102 0.889764 0.417323 
vn -0.181102 0.889764 0.417323 
vn 0 0.952756 0.307087 
vn -0.181102 0.929134 0.314961 
vn 0 0.968504 0.259843 
vn 0 0.913386 0.417323 
vn 0 0.952756 0.307087 
vn 0.181102 0.929134 0.314961 
vn 0 0.968504 0.259843 
vn 0.173228 0.889764 0.417323 
vn 0 0.913386 0.417323 
vn 0.362205 0.88189 0.307087 
vn 0.173228 0.889764 0.417323 
vn 0.346457 0.84252 0.417323 
vn 0.181102 0.929134 0.314961 
vn 0.370079 0.889764 0.259843 
vn -0.929134 -0.181102 0.314961 
vn -0.889764 -0.181102 0.417323 
vn -0.913386 0 0.417323 
vn -0.968504 0 0.259843 
vn -0.929134 0.181102 0.314961 
vn -0.84252 0.346457 0.417323 
vn -0.346457 -0.84252 0.417323 
vn -0.181102 -0.929134 0.314961 
vn 0.181102 -0.929134 0.314961 
vn 0.346457 -0.84252 0.417323 
vn 0.929134 -0.181102 0.314961 
vn 0.913386 0 0.417323 
vn 0.952756 0 0.307087 
vn 0.968504 0 0.259843 
vn 0.889764 0.173228 0.417323 
vn 0 -0.968504 0.259843 
vn 0 -0.913386 0.417323 
vn -0.251969 -0.251969 0.937008 
vn -0.354331 0 0.937008 
vn -0.19685 0.299213 0.937008 
vn -0.645669 0.645669 0.417323 
vn -0.645669 0.645669 0.417323 
vn -0.527559 0.787402 0.314961 
vn -0.677165 0.677165 0.307087 
vn -0.503937 0.755906 0.417323 
vn -0.346457 0.84252 0.417323 
vn -0.527559 0.787402 0.314961 
vn -0.503937 0.755906 0.417323 
vn -0.362205 0.88189 0.307087 
vn 0.755906 -0.503937 0.417323 
vn 0.503937 0.755906 0.417323 
vn 0.362205 0.88189 0.307087 
vn 0.346457 0.84252 0.417323 
vn 0.527559 0.787402 0.314961 
vn 0.645669 0.645669 0.417323 
vn 0.527559 0.787402 0.314961 
vn 0.503937 0.755906 0.417323 
vn 0.677165 0.677165 0.307087 
vn -0.503937 -0.755906 0.417323 
vn -0.645669 -0.645669 0.417323 
vn 0.503937 -0.755906 0.417323 
vn 0.645669 -0.645669 0.417323 
vn 0.622047 -0.259843 0.740157 
vn 0.472441 -0.472441 0.740157 
vn -0.133858 -0.661417 0.740157 
vn -0.559055 -0.370079 0.740157 
vn -0.259843 0.622047 0.740157 
vn -0.133858 0.661417 0.740157 
vn -0.559055 0.370079 0.740157 
vn 0.251969 0.251969 0.937008 
vn 0.472441 0.472441 0.740157 
vn 0.370079 0.559055 0.740157 
vn 0.259843 0.622047 0.740157 
vn -0.826772 -0.165354 0.543307 
vn -0.700787 0.464567 0.543307 
vn -0.598425 0.598425 0.543307 
vn -0.464567 0.700787 0.543307 
vn -0.645669 0.645669 0.417323 
vn -0.598425 0.598425 0.543307 
vn -0.503937 0.755906 0.417323 
vn -0.322835 0.779528 0.543307 
vn -0.503937 0.755906 0.417323 
vn -0.464567 0.700787 0.543307 
vn -0.346457 0.84252 0.417323 
vn -0.322835 0.779528 0.543307 
vn -0.181102 0.889764 0.417323 
vn -0.346457 0.84252 0.417323 
vn -0.165354 0.826772 0.543307 
vn -0.322835 -0.779528 0.543307 
vn -0.598425 -0.598425 0.543307 
vn 0.464567 -0.700787 0.543307 
vn 0.598425 -0.598425 0.543307 
vn -0.181102 0.889764 0.417323 
vn 0 0.84252 0.543307 
vn 0 0.913386 0.417323 
vn -0.165354 0.826772 0.543307 
vn 0 0.913386 0.417323 
vn 0 0.84252 0.543307 
vn 0.173228 0.889764 0.417323 
vn 0.165354 0.826772 0.543307 
vn 0.346457 0.84252 0.417323 
vn 0.165354 0.826772 0.543307 
vn 0.322835 0.779528 0.543307 
vn 0.173228 0.889764 0.417323 
vn 0.464567 0.700787 0.543307 
vn 0.346457 0.84252 0.417323 
vn 0.322835 0.779528 0.543307 
vn 0.346457 0.84252 0.417323 
vn 0.503937 0.755906 0.417323 
vn 0.598425 0.598425 0.543307 
vn 0.503937 0.755906 0.417323 
vn 0.464567 0.700787 0.543307 
vn 0.645669 0.645669 0.417323 
vn -0.165354 -0.826772 0.543307 
vn -0.748031 -0.149606 0.645669 
vn -0.629921 0.425197 0.645669 
vn -0.700787 0.291339 0.645669 
vn -0.535433 0.543307 0.645669 
vn -0.291339 0.700787 0.645669 
vn -0.165354 0.826772 0.543307 
vn -0.322835 0.779528 0.543307 
vn -0.165354 0.826772 0.543307 
vn -0.149606 0.748031 0.645669 
vn -0.464567 0.700787 0.543307 
vn -0.291339 0.700787 0.645669 
vn -0.322835 0.779528 0.543307 
vn -0.165354 0.826772 0.543307 
vn 0 0.76378 0.645669 
vn 0 0.84252 0.543307 
vn -0.149606 0.748031 0.645669 
vn -0.291339 0.700787 0.645669 
vn -0.464567 0.700787 0.543307 
vn -0.425197 0.629921 0.645669 
vn 0.425197 0.629921 0.645669 
vn 0.322835 0.779528 0.543307 
vn 0.291339 0.700787 0.645669 
vn 0.425197 0.629921 0.645669 
vn 0.464567 0.700787 0.543307 
vn 0.322835 0.779528 0.543307 
vn 0.149606 0.748031 0.645669 
vn 0.291339 0.700787 0.645669 
vn 0.165354 0.826772 0.543307 
vn 0.165354 0.826772 0.543307 
vn 0 0.76378 0.645669 
vn 0.149606 0.748031 0.645669 
vn 0 0.84252 0.543307 
vn 0.535433 0.535433 0.645669 
vn 0.149606 -0.748031 0.645669 
vn 0.291339 -0.700787 0.645669 
vn -0.149606 -0.748031 0.645669 
vn -0.535433 -0.535433 0.645669 
vn 0.543307 -0.535433 0.645669 
vn -0.259843 0.622047 0.740157 
vn -0.149606 0.748031 0.645669 
vn -0.291339 0.700787 0.645669 
vn -0.133858 0.661417 0.740157 
vn -0.133858 0.661417 0.740157 
vn 0 0.76378 0.645669 
vn -0.149606 0.748031 0.645669 
vn -0.133858 0.661417 0.740157 
vn 0 0.669291 0.740157 
vn 0.133858 0.661417 0.740157 
vn 0 0.76378 0.645669 
vn 0 0.669291 0.740157 
vn 0.133858 0.661417 0.740157 
vn 0.149606 0.748031 0.645669 
vn 0.291339 0.700787 0.645669 
vn 0.133858 0.661417 0.740157 
vn 0.259843 0.622047 0.740157 
vn 0.149606 0.748031 0.645669 
vn 0.84252 0 0.543307 
vn -0.795276 -0.606299 -0.0787402 
vn -0.984252 0.133858 -0.0787402 
vn -0.606299 -0.795276 -0.0787402 
vn 0.133858 -0.984252 -0.0787402 
vn 0.259843 0.96063 -0.0787402 
vn 0.259843 0.96063 -0.0787402 
vn 0.259843 0.96063 -0.0787402 
vn 0.259843 -0.96063 -0.0787402 
vn -0.496063 0.866142 -0.0787402 
vn -0.496063 0.866142 -0.0787402 
vn -0.496063 0.866142 -0.0787402 
vn 0.496063 0.866142 -0.0787402 
vn 0.496063 0.866142 -0.0787402 
vn 0.496063 0.866142 -0.0787402 
vn -0.259843 0.96063 -0.0787402 
vn -0.259843 0.96063 -0.0787402 
vn -0.259843 0.96063 -0.0787402 
vn 0.606299 0.795276 -0.0787402 
vn 0.606299 0.795276 -0.0787402 
vn 0.606299 0.795276 -0.0787402 
vn -0.606299 0.795276 -0.0787402 
vn -0.606299 0.795276 -0.0787402 
vn -0.606299 0.795276 -0.0787402 
vn -0.133858 0.984252 -0.0787402 
vn -0.133858 0.984252 -0.0787402 
vn -0.133858 0.984252 -0.0787402 
vn 0.133858 0.984252 -0.0787402 
vn 0.133858 0.984252 -0.0787402 
vn 0.133858 0.984252 -0.0787402 
vn -0.496063 0.866142 -0.0787402 
vn -0.496063 0.866142 -0.0787402 
vn -0.496063 0.866142 -0.0787402 
vn 0.496063 0.866142 -0.0787402 
vn 0.496063 0.866142 -0.0787402 
vn 0.496063 0.866142 -0.0787402 
vn 0.259843 0.96063 -0.0787402 
vn 0.259843 0.96063 -0.0787402 
vn 0.259843 0.96063 -0.0787402 
vn -0.259843 0.96063 -0.0787402 
vn -0.259843 0.96063 -0.0787402 
vn -0.259843 0.96063 -0.0787402 
vn -0.133858 0.984252 -0.0787402 
vn -0.133858 0.984252 -0.0787402 
vn -0.133858 0.984252 -0.0787402 
vn 0.133858 0.984252 -0.0787402 
vn 0.133858 0.984252 -0.0787402 
vn 0.133858 0.984252 -0.0787402 
vn 0.606299 0.795276 -0.0787402 
vn 0.606299 0.795276 -0.0787402 
vn 0.606299 0.795276 -0.0787402 
vn -0.606299 0.795276 -0.0787402 
vn -0.606299 0.795276 -0.0787402 
vn -0.606299 0.795276 -0.0787402 
vn -0.700787 0.291339 -0.645669 
vn -0.149606 0.748031 -0.645669 
vn -0.133858 0.661417 -0.740157 
vn -0.259843 0.622047 -0.740157 
vn -0.291339 0.700787 -0.645669 
vn -0.133858 0.661417 -0.740157 
vn -0.149606 0.748031 -0.645669 
vn 0 0.76378 -0.645669 
vn 0 0.669291 -0.740157 
vn -0.133858 0.661417 -0.740157 
vn 0 0.76378 -0.645669 
vn 0.133858 0.661417 -0.740157 
vn 0 0.669291 -0.740157 
vn 0.133858 0.661417 -0.740157 
vn 0.149606 0.748031 -0.645669 
vn 0.149606 0.748031 -0.645669 
vn 0.259843 0.622047 -0.740157 
vn 0.133858 0.661417 -0.740157 
vn 0.291339 0.700787 -0.645669 
vn 0.472441 0.472441 -0.740157 
vn -0.291339 -0.700787 -0.645669 
vn -0.535433 -0.535433 -0.645669 
vn 0.291339 -0.700787 -0.645669 
vn 0.826772 0.165354 -0.543307 
vn 0.165354 0.826772 -0.543307 
vn 0.149606 0.748031 -0.645669 
vn 0 0.76378 -0.645669 
vn 0 0.84252 -0.543307 
vn 0.165354 0.826772 -0.543307 
vn 0.291339 0.700787 -0.645669 
vn 0.149606 0.748031 -0.645669 
vn 0.322835 0.779528 -0.543307 
vn 0.464567 0.700787 -0.543307 
vn 0.291339 0.700787 -0.645669 
vn 0.322835 0.779528 -0.543307 
vn 0.425197 0.629921 -0.645669 
vn -0.291339 0.700787 -0.645669 
vn -0.322835 0.779528 -0.543307 
vn -0.165354 0.826772 -0.543307 
vn -0.149606 0.748031 -0.645669 
vn 0 0.76378 -0.645669 
vn -0.165354 0.826772 -0.543307 
vn 0 0.84252 -0.543307 
vn -0.149606 0.748031 -0.645669 
vn -0.291339 0.700787 -0.645669 
vn -0.464567 0.700787 -0.543307 
vn -0.322835 0.779528 -0.543307 
vn -0.464567 0.700787 -0.543307 
vn -0.291339 0.700787 -0.645669 
vn -0.425197 0.629921 -0.645669 
vn -0.464567 -0.700787 -0.543307 
vn 0.251969 0.251969 -0.937008 
vn -0.299213 0.19685 -0.937008 
vn 0.19685 -0.299213 -0.937008 
vn 0.173228 0.889764 -0.417323 
vn 0.165354 0.826772 -0.543307 
vn 0 0.84252 -0.543307 
vn 0 0.913386 -0.417323 
vn 0.173228 0.889764 -0.417323 
vn 0.322835 0.779528 -0.543307 
vn 0.165354 0.826772 -0.543307 
vn 0.173228 0.889764 -0.417323 
vn 0.346457 0.84252 -0.417323 
vn 0.346457 0.84252 -0.417323 
vn 0.464567 0.700787 -0.543307 
vn 0.322835 0.779528 -0.543307 
vn 0.503937 0.755906 -0.417323 
vn 0.645669 0.645669 -0.417323 
vn 0.464567 0.700787 -0.543307 
vn 0.503937 0.755906 -0.417323 
vn 0.598425 0.598425 -0.543307 
vn 0 0.84252 -0.543307 
vn -0.181102 0.889764 -0.417323 
vn 0 0.913386 -0.417323 
vn -0.165354 0.826772 -0.543307 
vn -0.322835 0.779528 -0.543307 
vn -0.346457 0.84252 -0.417323 
vn -0.181102 0.889764 -0.417323 
vn -0.165354 0.826772 -0.543307 
vn -0.322835 0.779528 -0.543307 
vn -0.503937 0.755906 -0.417323 
vn -0.346457 0.84252 -0.417323 
vn -0.464567 0.700787 -0.543307 
vn -0.503937 0.755906 -0.417323 
vn -0.598425 0.598425 -0.543307 
vn -0.645669 0.645669 -0.417323 
vn -0.464567 0.700787 -0.543307 
vn -0.181102 -0.889764 -0.417323 
vn -0.503937 -0.755906 -0.417323 
vn 0.362205 0.88189 -0.307087 
vn 0.503937 0.755906 -0.417323 
vn 0.346457 0.84252 -0.417323 
vn 0.527559 0.787402 -0.314961 
vn 0.677165 0.677165 -0.307087 
vn 0.503937 0.755906 -0.417323 
vn 0.527559 0.787402 -0.314961 
vn 0.645669 0.645669 -0.417323 
vn -0.503937 0.755906 -0.417323 
vn -0.527559 0.787402 -0.314961 
vn -0.362205 0.88189 -0.307087 
vn -0.362205 0.88189 -0.307087 
vn -0.346457 0.84252 -0.417323 
vn -0.503937 0.755906 -0.417323 
vn -0.677165 0.677165 -0.307087 
vn -0.527559 0.787402 -0.314961 
vn -0.645669 0.645669 -0.417323 
vn -0.677165 -0.677165 -0.307087 
vn 0.677165 -0.677165 -0.307087 
vn 0.362205 0.88189 -0.307087 
vn 0.346457 0.84252 -0.417323 
vn 0.173228 0.889764 -0.417323 
vn 0.181102 0.929134 -0.314961 
vn 0.370079 0.889764 -0.259843 
vn 0.173228 0.889764 -0.417323 
vn 0 0.968504 -0.259843 
vn 0 0.952756 -0.307087 
vn -0.181102 0.929134 -0.314961 
vn -0.181102 0.889764 -0.417323 
vn 0 0.913386 -0.417323 
vn 0.181102 0.929134 -0.314961 
vn 0 0.952756 -0.307087 
vn 0 0.968504 -0.259843 
vn 0.173228 0.889764 -0.417323 
vn 0.173228 0.889764 -0.417323 
vn 0 0.913386 -0.417323 
vn -0.181102 0.889764 -0.417323 
vn -0.362205 0.88189 -0.307087 
vn -0.181102 0.929134 -0.314961 
vn -0.370079 0.889764 -0.259843 
vn -0.346457 0.84252 -0.417323 
vn 0.362205 0.88189 -0.307087 
vn 0.370079 0.889764 -0.259843 
vn 0.527559 0.787402 -0.314961 
vn -0.677165 0.677165 -0.307087 
vn -0.685039 0.685039 -0.259843 
vn -0.527559 0.787402 -0.314961 
vn 0.527559 0.787402 -0.314961 
vn 0.685039 0.685039 -0.259843 
vn 0.677165 0.677165 -0.307087 
vn -0.527559 0.787402 -0.314961 
vn -0.370079 0.889764 -0.259843 
vn -0.362205 0.88189 -0.307087 
vn -0.677165 -0.677165 0.307087 
vn -0.913386 0 0.417323 
vn 0 -0.913386 0.417323 
vn 0.346457 0.0708661 0.937008 
vn 0.346457 -0.0708661 0.937008 
vn 0.354331 0 0.937008 
vn 0.346457 -0.0708661 0.937008 
vn 0.299213 -0.19685 0.937008 
vn 0.330709 -0.133858 0.937008 
vn 0.299213 -0.19685 0.937008 
vn 0.346457 -0.0708661 0.937008 
vn 0.251969 -0.251969 0.937008 
vn 0.251969 -0.251969 0.937008 
vn 0.346457 -0.0708661 0.937008 
vn 0.346457 0.0708661 0.937008 
vn 0.346457 0.0708661 0.937008 
vn 0.19685 -0.299213 0.937008 
vn 0.251969 -0.251969 0.937008 
vn 0.19685 -0.299213 0.937008 
vn 0.0708661 -0.346457 0.937008 
vn 0.133858 -0.330709 0.937008 
vn -0.133858 -0.330709 0.937008 
vn -0.251969 -0.251969 0.937008 
vn -0.19685 -0.299213 0.937008 
vn -0.251969 -0.251969 0.937008 
vn -0.133858 -0.330709 0.937008 
vn -0.330709 -0.133858 0.937008 
vn -0.330709 -0.133858 0.937008 
vn -0.299213 -0.19685 0.937008 
vn -0.330709 0.133858 0.937008 
vn -0.354331 0 0.937008 
vn -0.251969 0.251969 0.937008 
vn -0.19685 0.299213 0.937008 
vn -0.19685 0.299213 0.937008 
vn -0.0708661 0.346457 0.937008 
vn -0.133858 0.330709 0.937008 
vn -0.330709 0.133858 0.937008 
vn -0.251969 0.251969 0.937008 
vn -0.299213 0.19685 0.937008 
vn -0.330709 -0.133858 0.937008 
vn -0.354331 0 0.937008 
vn -0.346457 -0.0708661 0.937008 
vn 0.299213 0.19685 0.937008 
vn 0.346457 0.0708661 0.937008 
vn 0.330709 0.133858 0.937008 
vn 0 0.354331 0.937008 
vn 0.133858 0.330709 0.937008 
vn 0.0708661 0.346457 0.937008 
vn 0.559055 -0.370079 0.740157 
vn 0.330709 -0.133858 0.937008 
vn 0.299213 -0.19685 0.937008 
vn 0.559055 -0.370079 0.740157 
vn 0.622047 -0.259843 0.740157 
vn 0.559055 -0.370079 0.740157 
vn 0.299213 -0.19685 0.937008 
vn 0.472441 -0.472441 0.740157 
vn 0.251969 -0.251969 0.937008 
vn 0.472441 -0.472441 0.740157 
vn 0.251969 -0.251969 0.937008 
vn 0.370079 -0.559055 0.740157 
vn 0.19685 -0.299213 0.937008 
vn 0.370079 -0.559055 0.740157 
vn 0.370079 -0.559055 0.740157 
vn 0.133858 -0.330709 0.937008 
vn 0.259843 -0.622047 0.740157 
vn 0.19685 -0.299213 0.937008 
vn 0.259843 -0.622047 0.740157 
vn 0.133858 -0.330709 0.937008 
vn 0.133858 -0.661417 0.740157 
vn 0.0708661 -0.346457 0.937008 
vn 0 -0.669291 0.740157 
vn 0.133858 -0.661417 0.740157 
vn 0.0708661 -0.346457 0.937008 
vn 0 -0.354331 0.937008 
vn -0.0708661 -0.346457 0.937008 
vn 0 -0.669291 0.740157 
vn 0 -0.354331 0.937008 
vn -0.133858 -0.661417 0.740157 
vn -0.0708661 -0.346457 0.937008 
vn -0.259843 -0.622047 0.740157 
vn -0.133858 -0.661417 0.740157 
vn -0.259843 -0.622047 0.740157 
vn -0.0708661 -0.346457 0.937008 
vn -0.133858 -0.330709 0.937008 
vn -0.19685 -0.299213 0.937008 
vn -0.259843 -0.622047 0.740157 
vn -0.133858 -0.330709 0.937008 
vn -0.370079 -0.559055 0.740157 
vn -0.251969 -0.251969 0.937008 
vn -0.370079 -0.559055 0.740157 
vn -0.19685 -0.299213 0.937008 
vn -0.370079 -0.559055 0.740157 
vn -0.472441 -0.472441 0.740157 
vn -0.299213 -0.19685 0.937008 
vn -0.472441 -0.472441 0.740157 
vn -0.251969 -0.251969 0.937008 
vn -0.559055 -0.370079 0.740157 
vn -0.559055 -0.370079 0.740157 
vn -0.299213 -0.19685 0.937008 
vn -0.622047 -0.259843 0.740157 
vn -0.330709 -0.133858 0.937008 
vn -0.370079 0.559055 0.740157 
vn -0.133858 0.330709 0.937008 
vn -0.259843 0.622047 0.740157 
vn -0.19685 0.299213 0.937008 
vn -0.133858 0.330709 0.937008 
vn -0.133858 0.661417 0.740157 
vn -0.259843 0.622047 0.740157 
vn -0.133858 0.661417 0.740157 
vn -0.0708661 0.346457 0.937008 
vn -0.251969 0.251969 0.937008 
vn -0.370079 0.559055 0.740157 
vn -0.472441 0.472441 0.740157 
vn -0.19685 0.299213 0.937008 
vn -0.559055 0.370079 0.740157 
vn -0.251969 0.251969 0.937008 
vn -0.472441 0.472441 0.740157 
vn -0.299213 0.19685 0.937008 
vn -0.622047 0.259843 0.740157 
vn -0.299213 0.19685 0.937008 
vn -0.559055 0.370079 0.740157 
vn -0.330709 0.133858 0.937008 
vn 0 0.669291 0.740157 
vn -0.0708661 0.346457 0.937008 
vn 0 0.354331 0.937008 
vn -0.0708661 0.346457 0.937008 
vn 0 0.669291 0.740157 
vn -0.133858 0.661417 0.740157 
vn 0.0708661 0.346457 0.937008 
vn 0 0.669291 0.740157 
vn 0 0.354331 0.937008 
vn 0.330709 0.133858 0.937008 
vn 0.622047 0.259843 0.740157 
vn 0.299213 0.19685 0.937008 
vn 0.559055 0.370079 0.740157 
vn 0 0.669291 0.740157 
vn 0.0708661 0.346457 0.937008 
vn 0.133858 0.661417 0.740157 
vn 0.299213 0.19685 0.937008 
vn 0.559055 0.370079 0.740157 
vn 0.251969 0.251969 0.937008 
vn 0.472441 0.472441 0.740157 
vn 0.251969 0.251969 0.937008 
vn 0.472441 0.472441 0.740157 
vn 0.19685 0.299213 0.937008 
vn 0.370079 0.559055 0.740157 
vn 0.19685 0.299213 0.937008 
vn 0.370079 0.559055 0.740157 
vn 0.133858 0.330709 0.937008 
vn 0.259843 0.622047 0.740157 
vn 0.133858 0.330709 0.937008 
vn 0.259843 0.622047 0.740157 
vn 0.0708661 0.346457 0.937008 
vn 0.133858 0.661417 0.740157 
vn 0.0708661 0.346457 0.937008 
vn 0.259843 0.622047 0.740157 
vn -0.700787 -0.464567 0.543307 
vn -0.598425 0.598425 0.543307 
vn -0.464567 0.700787 0.543307 
vn -0.165354 0.826772 0.543307 
vn -0.598425 -0.598425 0.543307 
vn 0.779528 -0.322835 0.543307 
vn 0.826772 -0.165354 0.543307 
vn 0 0.84252 0.543307 
vn 0.165354 0.826772 0.543307 
vn 0.779528 0.322835 0.543307 
vn 0.826772 0.165354 0.543307 
vn 0.322835 0.779528 0.543307 
vn 0.598425 0.598425 0.543307 
vn 0.700787 0.464567 0.543307 
vn -0.748031 -0.149606 0.645669 
vn -0.669291 0 0.740157 
vn -0.661417 -0.133858 0.740157 
vn -0.346457 -0.0708661 0.937008 
vn -0.354331 0 0.937008 
vn -0.346457 0.0708661 0.937008 
vn -0.661417 0.133858 0.740157 
vn -0.330709 0.133858 0.937008 
vn -0.622047 0.259843 0.740157 
vn -0.346457 0.0708661 0.937008 
vn -0.622047 -0.259843 0.740157 
vn -0.346457 -0.0708661 0.937008 
vn -0.330709 -0.133858 0.937008 
vn -0.330709 0.133858 0.937008 
vn -0.346457 0.0708661 0.937008 
vn -0.0708661 0.346457 0.937008 
vn -0.19685 0.299213 0.937008 
vn 0 0.354331 0.937008 
vn 0.133858 0.330709 0.937008 
vn 0.19685 0.299213 0.937008 
vn 0.19685 -0.299213 0.937008 
vn -0.330709 -0.133858 0.937008 
vn -0.133858 -0.330709 0.937008 
vn 0.0708661 -0.346457 0.937008 
vn -0.133858 -0.330709 0.937008 
vn 0 -0.354331 0.937008 
vn 0 -0.354331 0.937008 
vn -0.0708661 -0.346457 0.937008 
vn 0.346457 0.0708661 0.937008 
vn 0.299213 0.19685 0.937008 
vn 0.19685 -0.299213 0.937008 
vn 0.19685 0.299213 0.937008 
vn 0.299213 0.19685 0.937008 
vn 0.251969 0.251969 0.937008 
vn -0.629921 0.425197 0.645669 
vn -0.700787 0.291339 0.645669 
vn -0.700787 0.464567 0.543307 
vn -0.535433 0.543307 0.645669 
vn -0.598425 0.598425 0.543307 
vn -0.700787 0.464567 0.543307 
vn -0.629921 0.425197 0.645669 
vn -0.535433 0.543307 0.645669 
vn -0.464567 0.700787 0.543307 
vn -0.598425 0.598425 0.543307 
vn -0.425197 0.629921 0.645669 
vn 0.535433 0.535433 0.645669 
vn 0.464567 0.700787 0.543307 
vn 0.425197 0.629921 0.645669 
vn 0.598425 0.598425 0.543307 
vn 0.149606 -0.748031 0.645669 
vn 0.291339 -0.700787 0.645669 
vn -0.149606 -0.748031 0.645669 
vn -0.425197 -0.629921 0.645669 
vn -0.598425 -0.598425 0.543307 
vn -0.464567 -0.700787 0.543307 
vn -0.535433 -0.535433 0.645669 
vn 0.425197 -0.629921 0.645669 
vn 0.598425 -0.598425 0.543307 
vn 0.425197 -0.629921 0.645669 
vn 0.464567 -0.700787 0.543307 
vn 0.543307 -0.535433 0.645669 
vn 0.700787 -0.464567 0.543307 
vn 0.629921 -0.425197 0.645669 
vn 0.598425 -0.598425 0.543307 
vn 0.543307 -0.535433 0.645669 
vn 0.543307 -0.535433 0.645669 
vn 0.559055 -0.370079 0.740157 
vn 0.472441 -0.472441 0.740157 
vn 0.629921 -0.425197 0.645669 
vn 0.370079 -0.559055 0.740157 
vn 0.543307 -0.535433 0.645669 
vn 0.472441 -0.472441 0.740157 
vn 0.543307 -0.535433 0.645669 
vn 0.425197 -0.629921 0.645669 
vn 0.425197 -0.629921 0.645669 
vn 0.370079 -0.559055 0.740157 
vn 0.291339 -0.700787 0.645669 
vn 0.259843 -0.622047 0.740157 
vn 0.370079 -0.559055 0.740157 
vn -0.259843 -0.622047 0.740157 
vn -0.425197 -0.629921 0.645669 
vn -0.291339 -0.700787 0.645669 
vn -0.370079 -0.559055 0.740157 
vn -0.559055 -0.370079 0.740157 
vn -0.535433 -0.535433 0.645669 
vn -0.472441 -0.472441 0.740157 
vn -0.629921 -0.425197 0.645669 
vn 0.622047 -0.259843 0.740157 
vn 0.629921 -0.425197 0.645669 
vn 0.700787 -0.291339 0.645669 
vn 0.559055 -0.370079 0.740157 
vn -0.425197 0.629921 0.645669 
vn -0.259843 0.622047 0.740157 
vn -0.291339 0.700787 0.645669 
vn -0.370079 0.559055 0.740157 
vn -0.472441 0.472441 0.740157 
vn -0.425197 0.629921 0.645669 
vn -0.535433 0.543307 0.645669 
vn -0.370079 0.559055 0.740157 
vn -0.629921 0.425197 0.645669 
vn -0.472441 0.472441 0.740157 
vn -0.535433 0.543307 0.645669 
vn -0.559055 0.370079 0.740157 
vn -0.700787 0.291339 0.645669 
vn -0.559055 0.370079 0.740157 
vn -0.629921 0.425197 0.645669 
vn -0.622047 0.259843 0.740157 
vn 0.559055 0.370079 0.740157 
vn 0.629921 0.425197 0.645669 
vn 0.472441 0.472441 0.740157 
vn 0.535433 0.535433 0.645669 
vn 0.370079 0.559055 0.740157 
vn 0.291339 0.700787 0.645669 
vn 0.259843 0.622047 0.740157 
vn 0.472441 0.472441 0.740157 
vn 0.425197 0.629921 0.645669 
vn 0.370079 0.559055 0.740157 
vn 0.535433 0.535433 0.645669 
vn 0.291339 0.700787 0.645669 
vn 0.370079 0.559055 0.740157 
vn 0.425197 0.629921 0.645669 
vn -0.370079 -0.559055 0.740157 
vn -0.535433 -0.535433 0.645669 
vn -0.425197 -0.629921 0.645669 
vn -0.472441 -0.472441 0.740157 
vn 0.354331 0 0.937008 
vn 0.661417 0.133858 0.740157 
vn 0.346457 0.0708661 0.937008 
vn 0.661417 -0.133858 0.740157 
vn 0.346457 -0.0708661 0.937008 
vn 0.330709 0.133858 0.937008 
vn 0.622047 0.259843 0.740157 
vn 0.346457 0.0708661 0.937008 
vn 0.669291 0 0.740157 
vn 0.661417 -0.133858 0.740157 
vn 0.346457 -0.0708661 0.937008 
vn 0.622047 -0.259843 0.740157 
vn 0.330709 -0.133858 0.937008 
vn 0.84252 0 0.543307 
vn 0.629921 0.425197 0.645669 
vn 0.622047 0.259843 0.740157 
vn 0.700787 0.291339 0.645669 
vn 0.629921 0.425197 0.645669 
vn 0.559055 0.370079 0.740157 
vn 0.700787 0.464567 0.543307 
vn 0.535433 0.535433 0.645669 
vn 0.598425 0.598425 0.543307 
vn -0.629921 -0.425197 0.645669 
vn -0.622047 -0.259843 0.740157 
vn -0.700787 -0.291339 0.645669 
vn -0.629921 -0.425197 0.645669 
vn -0.559055 -0.370079 0.740157 
vn -0.700787 -0.464567 0.543307 
vn -0.535433 -0.535433 0.645669 
vn -0.598425 -0.598425 0.543307 
vn -0.88189 0.362205 0.307087 
vn -0.787402 0.527559 0.314961 
vn -0.889764 0.370079 0.259843 
vn -0.787402 0.527559 0.314961 
vn -0.677165 0.677165 0.307087 
vn -0.685039 0.685039 0.259843 
vn 0.787402 0.527559 0.314961 
vn 0.685039 0.685039 0.259843 
vn -0.527559 0.787402 0.314961 
vn -0.362205 0.88189 0.307087 
vn 0.527559 0.787402 0.314961 
vn -0.787402 -0.527559 0.314961 
vn -0.88189 -0.362205 0.307087 
vn -0.889764 -0.370079 0.259843 
vn -0.677165 -0.677165 0.307087 
vn -0.787402 -0.527559 0.314961 
vn -0.685039 -0.685039 0.259843 
vn -0.527559 -0.787402 0.314961 
vn -0.370079 -0.889764 0.259843 
vn 0.527559 -0.787402 0.314961 
vn 0.370079 -0.889764 0.259843 
vn 0.685039 -0.685039 0.259843 
vn 0.787402 -0.527559 0.314961 
vn 0.88189 -0.362205 0.307087 
vn 0.889764 -0.370079 0.259843 
vn 0.88189 0.362205 0.307087 
vn 0.889764 0.370079 0.259843 
vn -0.181102 0.929134 0.314961 
vn 0 0.952756 0.307087 
vn 0 0.968504 0.259843 
vn 0.173228 0.889764 0.417323 
vn -0.88189 -0.362205 0.307087 
vn -0.929134 -0.181102 0.314961 
vn -0.889764 -0.370079 0.259843 
vn -0.889764 -0.181102 0.417323 
vn -0.84252 -0.346457 0.417323 
vn -0.913386 0 0.417323 
vn -0.929134 -0.181102 0.314961 
vn -0.889764 -0.181102 0.417323 
vn -0.952756 0 0.307087 
vn -0.968504 0 0.259843 
vn -0.889764 0.173228 0.417323 
vn -0.952756 0 0.307087 
vn -0.913386 0 0.417323 
vn -0.929134 0.181102 0.314961 
vn -0.968504 0 0.259843 
vn -0.84252 0.346457 0.417323 
vn -0.929134 0.181102 0.314961 
vn -0.889764 0.173228 0.417323 
vn -0.88189 0.362205 0.307087 
vn -0.889764 0.370079 0.259843 
vn 0.181102 -0.929134 0.314961 
vn 0.346457 -0.84252 0.417323 
vn 0.84252 -0.346457 0.417323 
vn 0.929134 -0.181102 0.314961 
vn 0.913386 0 0.417323 
vn 0.968504 0 0.259843 
vn 0.929134 0.181102 0.314961 
vn 0.889764 0.173228 0.417323 
vn 0.84252 0.346457 0.417323 
vn 0 -0.968504 0.259843 
vn 0 -0.913386 0.417323 
vn -0.354331 0 0.937008 
vn -0.19685 0.299213 0.937008 
vn -0.755906 0.503937 0.417323 
vn -0.88189 0.362205 0.307087 
vn -0.84252 0.346457 0.417323 
vn -0.787402 0.527559 0.314961 
vn -0.645669 0.645669 0.417323 
vn -0.787402 0.527559 0.314961 
vn -0.755906 0.503937 0.417323 
vn -0.677165 0.677165 0.307087 
vn 0.755906 -0.503937 0.417323 
vn 0.645669 0.645669 0.417323 
vn -0.84252 -0.346457 0.417323 
vn -0.787402 -0.527559 0.314961 
vn -0.755906 -0.503937 0.417323 
vn -0.88189 -0.362205 0.307087 
vn -0.645669 -0.645669 0.417323 
vn -0.677165 -0.677165 0.307087 
vn -0.755906 -0.503937 0.417323 
vn -0.787402 -0.527559 0.314961 
vn -0.645669 -0.645669 0.417323 
vn 0.645669 -0.645669 0.417323 
vn 0.622047 -0.259843 0.740157 
vn 0.472441 -0.472441 0.740157 
vn -0.559055 -0.370079 0.740157 
vn -0.259843 0.622047 0.740157 
vn -0.559055 0.370079 0.740157 
vn 0.622047 0.259843 0.740157 
vn 0.251969 0.251969 0.937008 
vn 0.472441 0.472441 0.740157 
vn 0.370079 0.559055 0.740157 
vn -0.779528 -0.322835 0.543307 
vn -0.755906 -0.503937 0.417323 
vn -0.700787 -0.464567 0.543307 
vn -0.84252 -0.346457 0.417323 
vn -0.826772 -0.165354 0.543307 
vn -0.84252 -0.346457 0.417323 
vn -0.779528 -0.322835 0.543307 
vn -0.889764 -0.181102 0.417323 
vn -0.779528 0.322835 0.543307 
vn -0.889764 0.173228 0.417323 
vn -0.826772 0.165354 0.543307 
vn -0.84252 0.346457 0.417323 
vn -0.700787 0.464567 0.543307 
vn -0.84252 0.346457 0.417323 
vn -0.779528 0.322835 0.543307 
vn -0.755906 0.503937 0.417323 
vn -0.598425 0.598425 0.543307 
vn -0.755906 0.503937 0.417323 
vn -0.700787 0.464567 0.543307 
vn -0.645669 0.645669 0.417323 
vn -0.598425 -0.598425 0.543307 
vn -0.598425 -0.598425 0.543307 
vn -0.755906 -0.503937 0.417323 
vn -0.645669 -0.645669 0.417323 
vn -0.700787 -0.464567 0.543307 
vn 0.464567 -0.700787 0.543307 
vn 0.598425 -0.598425 0.543307 
vn 0.779528 -0.322835 0.543307 
vn 0.826772 -0.165354 0.543307 
vn 0 0.84252 0.543307 
vn 0.779528 0.322835 0.543307 
vn 0.826772 0.165354 0.543307 
vn 0.598425 0.598425 0.543307 
vn 0.700787 0.464567 0.543307 
vn -0.661417 -0.133858 0.740157 
vn -0.700787 -0.291339 0.645669 
vn -0.622047 -0.259843 0.740157 
vn -0.748031 -0.149606 0.645669 
vn -0.669291 0 0.740157 
vn -0.661417 -0.133858 0.740157 
vn -0.76378 0 0.645669 
vn -0.661417 0.133858 0.740157 
vn -0.779528 0.322835 0.543307 
vn -0.629921 0.425197 0.645669 
vn -0.700787 0.464567 0.543307 
vn -0.700787 0.291339 0.645669 
vn -0.535433 0.543307 0.645669 
vn 0.535433 0.535433 0.645669 
vn -0.700787 -0.291339 0.645669 
vn -0.700787 -0.464567 0.543307 
vn -0.629921 -0.425197 0.645669 
vn -0.779528 -0.322835 0.543307 
vn 0.291339 -0.700787 0.645669 
vn -0.535433 -0.535433 0.645669 
vn 0.543307 -0.535433 0.645669 
vn 0.661417 -0.133858 0.740157 
vn 0.748031 -0.149606 0.645669 
vn 0.84252 0 0.543307 
vn -0.748031 -0.149606 0.645669 
vn -0.779528 -0.322835 0.543307 
vn -0.700787 -0.291339 0.645669 
vn -0.826772 -0.165354 0.543307 
vn -0.748031 -0.149606 0.645669 
vn -0.84252 0 0.543307 
vn -0.748031 0.149606 0.645669 
vn -0.826772 0.165354 0.543307 
vn -0.700787 0.291339 0.645669 
vn -0.748031 0.149606 0.645669 
vn -0.779528 0.322835 0.543307 
vn -0.889764 -0.181102 0.417323 
vn -0.826772 -0.165354 0.543307 
vn -0.913386 0 0.417323 
vn -0.889764 0.173228 0.417323 
vn -0.826772 0.165354 0.543307 
vn -0.661417 0.133858 0.740157 
vn -0.748031 0.149606 0.645669 
vn -0.622047 0.259843 0.740157 
vn -0.700787 0.291339 0.645669 
vn -0.795276 0.606299 -0.0787402 
vn -0.795276 0.606299 -0.0787402 
vn -0.795276 0.606299 -0.0787402 
vn -0.795276 -0.606299 -0.0787402 
vn -0.795276 -0.606299 -0.0787402 
vn -0.795276 -0.606299 -0.0787402 
vn -0.984252 -0.133858 -0.0787402 
vn -0.984252 -0.133858 -0.0787402 
vn -0.984252 -0.133858 -0.0787402 
vn -0.984252 0.133858 -0.0787402 
vn -0.984252 0.133858 -0.0787402 
vn -0.984252 0.133858 -0.0787402 
vn -0.96063 0.259843 -0.0787402 
vn -0.96063 0.259843 -0.0787402 
vn -0.96063 0.259843 -0.0787402 
vn -0.866142 0.496063 -0.0787402 
vn -0.866142 0.496063 -0.0787402 
vn -0.866142 0.496063 -0.0787402 
vn 0.259843 -0.96063 -0.0787402 
vn -0.866142 -0.496063 -0.0787402 
vn -0.866142 -0.496063 -0.0787402 
vn -0.866142 -0.496063 -0.0787402 
vn -0.96063 -0.259843 -0.0787402 
vn -0.96063 -0.259843 -0.0787402 
vn -0.96063 -0.259843 -0.0787402 
vn -0.795276 0.606299 -0.0787402 
vn -0.795276 0.606299 -0.0787402 
vn -0.795276 0.606299 -0.0787402 
vn -0.795276 -0.606299 -0.0787402 
vn -0.795276 -0.606299 -0.0787402 
vn -0.795276 -0.606299 -0.0787402 
vn -0.866142 0.496063 -0.0787402 
vn -0.866142 0.496063 -0.0787402 
vn -0.866142 0.496063 -0.0787402 
vn -0.984252 0.133858 -0.0787402 
vn -0.984252 0.133858 -0.0787402 
vn -0.984252 0.133858 -0.0787402 
vn -0.866142 -0.496063 -0.0787402 
vn -0.866142 -0.496063 -0.0787402 
vn -0.866142 -0.496063 -0.0787402 
vn -0.984252 -0.133858 -0.0787402 
vn -0.984252 -0.133858 -0.0787402 
vn -0.984252 -0.133858 -0.0787402 
vn -0.96063 -0.259843 -0.0787402 
vn -0.96063 -0.259843 -0.0787402 
vn -0.96063 -0.259843 -0.0787402 
vn -0.96063 0.259843 -0.0787402 
vn -0.96063 0.259843 -0.0787402 
vn -0.96063 0.259843 -0.0787402 
vn -0.669291 0 -0.740157 
vn -0.748031 0.149606 -0.645669 
vn -0.661417 0.133858 -0.740157 
vn -0.622047 0.259843 -0.740157 
vn -0.700787 0.291339 -0.645669 
vn -0.661417 0.133858 -0.740157 
vn -0.76378 0 -0.645669 
vn -0.661417 -0.133858 -0.740157 
vn -0.748031 -0.149606 -0.645669 
vn -0.622047 -0.259843 -0.740157 
vn -0.700787 -0.291339 -0.645669 
vn -0.661417 -0.133858 -0.740157 
vn -0.826772 0.165354 -0.543307 
vn -0.748031 0.149606 -0.645669 
vn -0.700787 0.291339 -0.645669 
vn -0.779528 0.322835 -0.543307 
vn -0.748031 0.149606 -0.645669 
vn -0.84252 0 -0.543307 
vn -0.748031 -0.149606 -0.645669 
vn -0.826772 -0.165354 -0.543307 
vn -0.700787 -0.291339 -0.645669 
vn -0.779528 -0.322835 -0.543307 
vn -0.889764 0.173228 -0.417323 
vn -0.826772 0.165354 -0.543307 
vn -0.913386 0 -0.417323 
vn -0.889764 -0.181102 -0.417323 
vn -0.826772 -0.165354 -0.543307 
vn -0.535433 -0.535433 -0.645669 
vn 0.779528 -0.322835 -0.543307 
vn 0.889764 -0.181102 -0.417323 
vn -0.700787 -0.464567 -0.543307 
vn -0.700787 -0.291339 -0.645669 
vn -0.629921 -0.425197 -0.645669 
vn -0.700787 -0.464567 -0.543307 
vn -0.779528 -0.322835 -0.543307 
vn -0.700787 0.464567 -0.543307 
vn -0.700787 0.291339 -0.645669 
vn -0.779528 0.322835 -0.543307 
vn -0.700787 0.464567 -0.543307 
vn -0.629921 0.425197 -0.645669 
vn -0.299213 0.19685 -0.937008 
vn 0.19685 -0.299213 -0.937008 
vn 0.755906 0.503937 -0.417323 
vn -0.645669 0.645669 -0.417323 
vn -0.700787 0.464567 -0.543307 
vn -0.755906 0.503937 -0.417323 
vn -0.598425 0.598425 -0.543307 
vn -0.700787 0.464567 -0.543307 
vn -0.84252 0.346457 -0.417323 
vn -0.755906 0.503937 -0.417323 
vn -0.779528 0.322835 -0.543307 
vn -0.779528 0.322835 -0.543307 
vn -0.889764 0.173228 -0.417323 
vn -0.84252 0.346457 -0.417323 
vn -0.826772 0.165354 -0.543307 
vn -0.503937 -0.755906 -0.417323 
vn -0.645669 -0.645669 -0.417323 
vn -0.755906 -0.503937 -0.417323 
vn -0.598425 -0.598425 -0.543307 
vn -0.700787 -0.464567 -0.543307 
vn -0.755906 -0.503937 -0.417323 
vn -0.779528 -0.322835 -0.543307 
vn -0.700787 -0.464567 -0.543307 
vn -0.84252 -0.346457 -0.417323 
vn -0.889764 -0.181102 -0.417323 
vn -0.779528 -0.322835 -0.543307 
vn -0.84252 -0.346457 -0.417323 
vn -0.826772 -0.165354 -0.543307 
vn -0.677165 0.677165 -0.307087 
vn 0.88189 -0.362205 -0.307087 
vn -0.677165 -0.677165 -0.307087 
vn -0.677165 -0.677165 -0.307087 
vn -0.755906 -0.503937 -0.417323 
vn -0.645669 -0.645669 -0.417323 
vn -0.787402 -0.527559 -0.314961 
vn -0.787402 -0.527559 -0.314961 
vn -0.88189 -0.362205 -0.307087 
vn -0.755906 -0.503937 -0.417323 
vn -0.84252 -0.346457 -0.417323 
vn -0.677165 0.677165 -0.307087 
vn -0.755906 0.503937 -0.417323 
vn -0.787402 0.527559 -0.314961 
vn -0.645669 0.645669 -0.417323 
vn -0.755906 0.503937 -0.417323 
vn -0.88189 0.362205 -0.307087 
vn -0.787402 0.527559 -0.314961 
vn -0.84252 0.346457 -0.417323 
vn 0.677165 -0.677165 -0.307087 
vn -0.88189 -0.362205 -0.307087 
vn -0.889764 -0.370079 -0.259843 
vn -0.929134 -0.181102 -0.314961 
vn -0.889764 -0.181102 -0.417323 
vn -0.84252 -0.346457 -0.417323 
vn -0.952756 0 -0.307087 
vn -0.889764 0.173228 -0.417323 
vn -0.913386 0 -0.417323 
vn -0.929134 0.181102 -0.314961 
vn -0.968504 0 -0.259843 
vn -0.889764 -0.181102 -0.417323 
vn -0.952756 0 -0.307087 
vn -0.913386 0 -0.417323 
vn -0.929134 -0.181102 -0.314961 
vn -0.968504 0 -0.259843 
vn -0.929134 0.181102 -0.314961 
vn -0.889764 0.370079 -0.259843 
vn -0.88189 0.362205 -0.307087 
vn -0.889764 0.173228 -0.417323 
vn -0.84252 0.346457 -0.417323 
vn 0.952756 0 -0.307087 
vn -0.787402 0.527559 -0.314961 
vn -0.685039 0.685039 -0.259843 
vn -0.677165 0.677165 -0.307087 
vn -0.88189 0.362205 -0.307087 
vn -0.889764 0.370079 -0.259843 
vn -0.787402 0.527559 -0.314961 
vn -0.677165 -0.677165 -0.307087 
vn -0.685039 -0.685039 -0.259843 
vn -0.787402 -0.527559 -0.314961 
vn -0.787402 -0.527559 -0.314961 
vn -0.889764 -0.370079 -0.259843 
vn -0.88189 -0.362205 -0.307087 
vn -0.787402 0.527559 0.314961 
vn -0.889764 0.370079 0.259843 
vn -0.685039 0.685039 0.259843 
vn 0.787402 0.527559 0.314961 
vn 0.685039 0.685039 0.259843 
vn -0.527559 0.787402 0.314961 
vn -0.362205 0.88189 0.307087 
vn -0.370079 0.889764 0.259843 
vn 0.362205 0.88189 0.307087 
vn 0.527559 0.787402 0.314961 
vn 0.370079 0.889764 0.259843 
vn -0.787402 -0.527559 0.314961 
vn -0.889764 -0.370079 0.259843 
vn -0.677165 -0.677165 0.307087 
vn -0.685039 -0.685039 0.259843 
vn -0.362205 -0.88189 0.307087 
vn -0.527559 -0.787402 0.314961 
vn -0.370079 -0.889764 0.259843 
vn -0.527559 -0.787402 0.314961 
vn -0.677165 -0.677165 0.307087 
vn -0.685039 -0.685039 0.259843 
vn 0.527559 -0.787402 0.314961 
vn 0.362205 -0.88189 0.307087 
vn 0.370079 -0.889764 0.259843 
vn 0.677165 -0.677165 0.307087 
vn 0.527559 -0.787402 0.314961 
vn 0.685039 -0.685039 0.259843 
vn 0.787402 -0.527559 0.314961 
vn 0.88189 -0.362205 0.307087 
vn -0.181102 0.929134 0.314961 
vn -0.346457 0.84252 0.417323 
vn 0 0.952756 0.307087 
vn 0 0.968504 0.259843 
vn 0 0.913386 0.417323 
vn 0.181102 0.929134 0.314961 
vn 0.173228 0.889764 0.417323 
vn 0.346457 0.84252 0.417323 
vn -0.913386 0 0.417323 
vn -0.968504 0 0.259843 
vn -0.929134 0.181102 0.314961 
vn -0.84252 0.346457 0.417323 
vn -0.346457 -0.84252 0.417323 
vn -0.181102 -0.929134 0.314961 
vn -0.181102 -0.889764 0.417323 
vn -0.362205 -0.88189 0.307087 
vn -0.370079 -0.889764 0.259843 
vn 0.173228 -0.889764 0.417323 
vn 0.181102 -0.929134 0.314961 
vn 0.346457 -0.84252 0.417323 
vn 0.362205 -0.88189 0.307087 
vn 0.370079 -0.889764 0.259843 
vn 0.929134 -0.181102 0.314961 
vn 0.952756 0 0.307087 
vn 0.968504 0 0.259843 
vn 0.889764 0.173228 0.417323 
vn 0 -0.968504 0.259843 
vn 0.181102 -0.929134 0.314961 
vn 0 -0.952756 0.307087 
vn 0 -0.913386 0.417323 
vn 0.173228 -0.889764 0.417323 
vn -0.181102 -0.929134 0.314961 
vn 0 -0.968504 0.259843 
vn 0 -0.952756 0.307087 
vn 0 -0.913386 0.417323 
vn -0.181102 -0.889764 0.417323 
vn 0.299213 -0.19685 0.937008 
vn -0.251969 -0.251969 0.937008 
vn -0.354331 0 0.937008 
vn -0.645669 0.645669 0.417323 
vn 0.755906 -0.503937 0.417323 
vn 0.645669 0.645669 0.417323 
vn -0.503937 -0.755906 0.417323 
vn -0.362205 -0.88189 0.307087 
vn -0.346457 -0.84252 0.417323 
vn -0.527559 -0.787402 0.314961 
vn -0.503937 -0.755906 0.417323 
vn -0.677165 -0.677165 0.307087 
vn -0.527559 -0.787402 0.314961 
vn -0.645669 -0.645669 0.417323 
vn 0.346457 -0.84252 0.417323 
vn 0.362205 -0.88189 0.307087 
vn 0.503937 -0.755906 0.417323 
vn 0.362205 -0.88189 0.307087 
vn 0.527559 -0.787402 0.314961 
vn 0.527559 -0.787402 0.314961 
vn 0.645669 -0.645669 0.417323 
vn 0.503937 -0.755906 0.417323 
vn 0.677165 -0.677165 0.307087 
vn 0.622047 -0.259843 0.740157 
vn -0.133858 -0.661417 0.740157 
vn -0.559055 -0.370079 0.740157 
vn -0.259843 0.622047 0.740157 
vn -0.133858 0.661417 0.740157 
vn -0.559055 0.370079 0.740157 
vn 0.251969 0.251969 0.937008 
vn 0.472441 0.472441 0.740157 
vn 0.370079 0.559055 0.740157 
vn 0.259843 0.622047 0.740157 
vn -0.700787 0.464567 0.543307 
vn -0.598425 0.598425 0.543307 
vn -0.464567 0.700787 0.543307 
vn -0.165354 0.826772 0.543307 
vn -0.322835 -0.779528 0.543307 
vn -0.503937 -0.755906 0.417323 
vn -0.346457 -0.84252 0.417323 
vn -0.464567 -0.700787 0.543307 
vn -0.464567 -0.700787 0.543307 
vn -0.645669 -0.645669 0.417323 
vn -0.503937 -0.755906 0.417323 
vn -0.598425 -0.598425 0.543307 
vn 0.503937 -0.755906 0.417323 
vn 0.322835 -0.779528 0.543307 
vn 0.346457 -0.84252 0.417323 
vn 0.464567 -0.700787 0.543307 
vn 0.645669 -0.645669 0.417323 
vn 0.464567 -0.700787 0.543307 
vn 0.503937 -0.755906 0.417323 
vn 0.598425 -0.598425 0.543307 
vn 0 0.84252 0.543307 
vn 0.165354 0.826772 0.543307 
vn 0.322835 0.779528 0.543307 
vn 0.598425 0.598425 0.543307 
vn -0.181102 -0.889764 0.417323 
vn 0 -0.84252 0.543307 
vn -0.165354 -0.826772 0.543307 
vn 0 -0.913386 0.417323 
vn -0.322835 -0.779528 0.543307 
vn -0.181102 -0.889764 0.417323 
vn -0.165354 -0.826772 0.543307 
vn -0.346457 -0.84252 0.417323 
vn 0.173228 -0.889764 0.417323 
vn 0.346457 -0.84252 0.417323 
vn 0.322835 -0.779528 0.543307 
vn 0.165354 -0.826772 0.543307 
vn 0.173228 -0.889764 0.417323 
vn 0 -0.84252 0.543307 
vn 0 -0.913386 0.417323 
vn 0.165354 -0.826772 0.543307 
vn -0.700787 0.291339 0.645669 
vn -0.535433 0.543307 0.645669 
vn -0.149606 0.748031 0.645669 
vn 0.535433 0.535433 0.645669 
vn 0.149606 -0.748031 0.645669 
vn 0.165354 -0.826772 0.543307 
vn 0.291339 -0.700787 0.645669 
vn 0.322835 -0.779528 0.543307 
vn 0 -0.76378 0.645669 
vn 0.165354 -0.826772 0.543307 
vn 0.149606 -0.748031 0.645669 
vn 0 -0.84252 0.543307 
vn 0 -0.76378 0.645669 
vn -0.165354 -0.826772 0.543307 
vn 0 -0.84252 0.543307 
vn -0.149606 -0.748031 0.645669 
vn -0.291339 -0.700787 0.645669 
vn -0.165354 -0.826772 0.543307 
vn -0.149606 -0.748031 0.645669 
vn -0.322835 -0.779528 0.543307 
vn -0.291339 -0.700787 0.645669 
vn -0.464567 -0.700787 0.543307 
vn -0.322835 -0.779528 0.543307 
vn -0.464567 -0.700787 0.543307 
vn -0.291339 -0.700787 0.645669 
vn -0.425197 -0.629921 0.645669 
vn -0.535433 -0.535433 0.645669 
vn 0.464567 -0.700787 0.543307 
vn 0.291339 -0.700787 0.645669 
vn 0.322835 -0.779528 0.543307 
vn 0.291339 -0.700787 0.645669 
vn 0.464567 -0.700787 0.543307 
vn 0.425197 -0.629921 0.645669 
vn 0.543307 -0.535433 0.645669 
vn 0.149606 -0.748031 0.645669 
vn 0.291339 -0.700787 0.645669 
vn 0.259843 -0.622047 0.740157 
vn 0.133858 -0.661417 0.740157 
vn 0.259843 -0.622047 0.740157 
vn -0.259843 -0.622047 0.740157 
vn -0.149606 -0.748031 0.645669 
vn -0.133858 -0.661417 0.740157 
vn -0.259843 -0.622047 0.740157 
vn -0.291339 -0.700787 0.645669 
vn 0 -0.669291 0.740157 
vn 0.149606 -0.748031 0.645669 
vn 0.133858 -0.661417 0.740157 
vn 0 -0.76378 0.645669 
vn 0 -0.669291 0.740157 
vn -0.149606 -0.748031 0.645669 
vn 0 -0.76378 0.645669 
vn -0.133858 -0.661417 0.740157 
vn 0.84252 0 0.543307 
vn -0.133858 -0.984252 -0.0787402 
vn -0.133858 -0.984252 -0.0787402 
vn -0.133858 -0.984252 -0.0787402 
vn 0.606299 -0.795276 -0.0787402 
vn 0.606299 -0.795276 -0.0787402 
vn 0.606299 -0.795276 -0.0787402 
vn -0.606299 -0.795276 -0.0787402 
vn -0.606299 -0.795276 -0.0787402 
vn -0.606299 -0.795276 -0.0787402 
vn 0.133858 -0.984252 -0.0787402 
vn 0.133858 -0.984252 -0.0787402 
vn 0.133858 -0.984252 -0.0787402 
vn -0.96063 0.259843 -0.0787402 
vn 0.259843 -0.96063 -0.0787402 
vn 0.259843 -0.96063 -0.0787402 
vn 0.259843 -0.96063 -0.0787402 
vn -0.496063 -0.866142 -0.0787402 
vn -0.496063 -0.866142 -0.0787402 
vn -0.496063 -0.866142 -0.0787402 
vn 0.496063 -0.866142 -0.0787402 
vn 0.496063 -0.866142 -0.0787402 
vn 0.496063 -0.866142 -0.0787402 
vn -0.259843 -0.96063 -0.0787402 
vn -0.259843 -0.96063 -0.0787402 
vn -0.259843 -0.96063 -0.0787402 
vn 0.259843 -0.96063 -0.0787402 
vn 0.259843 -0.96063 -0.0787402 
vn 0.259843 -0.96063 -0.0787402 
vn -0.259843 -0.96063 -0.0787402 
vn -0.259843 -0.96063 -0.0787402 
vn -0.259843 -0.96063 -0.0787402 
vn -0.496063 -0.866142 -0.0787402 
vn -0.496063 -0.866142 -0.0787402 
vn -0.496063 -0.866142 -0.0787402 
vn -0.133858 -0.984252 -0.0787402 
vn -0.133858 -0.984252 -0.0787402 
vn -0.133858 -0.984252 -0.0787402 
vn 0.133858 -0.984252 -0.0787402 
vn 0.133858 -0.984252 -0.0787402 
vn 0.133858 -0.984252 -0.0787402 
vn 0.496063 -0.866142 -0.0787402 
vn 0.496063 -0.866142 -0.0787402 
vn 0.496063 -0.866142 -0.0787402 
vn 0.606299 -0.795276 -0.0787402 
vn 0.606299 -0.795276 -0.0787402 
vn 0.606299 -0.795276 -0.0787402 
vn -0.606299 -0.795276 -0.0787402 
vn -0.606299 -0.795276 -0.0787402 
vn -0.606299 -0.795276 -0.0787402 
vn 0.472441 0.472441 -0.740157 
vn -0.133858 -0.661417 -0.740157 
vn -0.291339 -0.700787 -0.645669 
vn -0.259843 -0.622047 -0.740157 
vn -0.149606 -0.748031 -0.645669 
vn -0.535433 -0.535433 -0.645669 
vn 0.291339 -0.700787 -0.645669 
vn 0.149606 -0.748031 -0.645669 
vn 0.259843 -0.622047 -0.740157 
vn 0.291339 -0.700787 -0.645669 
vn 0.259843 -0.622047 -0.740157 
vn 0.133858 -0.661417 -0.740157 
vn 0 -0.76378 -0.645669 
vn 0.133858 -0.661417 -0.740157 
vn 0.149606 -0.748031 -0.645669 
vn 0.133858 -0.661417 -0.740157 
vn 0 -0.76378 -0.645669 
vn 0 -0.669291 -0.740157 
vn 0 -0.76378 -0.645669 
vn -0.133858 -0.661417 -0.740157 
vn 0 -0.669291 -0.740157 
vn -0.133858 -0.661417 -0.740157 
vn 0 -0.76378 -0.645669 
vn -0.149606 -0.748031 -0.645669 
vn -0.322835 0.779528 -0.543307 
vn -0.291339 -0.700787 -0.645669 
vn -0.464567 -0.700787 -0.543307 
vn -0.425197 -0.629921 -0.645669 
vn -0.149606 -0.748031 -0.645669 
vn -0.322835 -0.779528 -0.543307 
vn -0.291339 -0.700787 -0.645669 
vn -0.291339 -0.700787 -0.645669 
vn -0.322835 -0.779528 -0.543307 
vn -0.464567 -0.700787 -0.543307 
vn -0.322835 -0.779528 -0.543307 
vn -0.149606 -0.748031 -0.645669 
vn -0.165354 -0.826772 -0.543307 
vn 0.464567 -0.700787 -0.543307 
vn 0.291339 -0.700787 -0.645669 
vn 0.425197 -0.629921 -0.645669 
vn 0.322835 -0.779528 -0.543307 
vn 0.165354 -0.826772 -0.543307 
vn 0.291339 -0.700787 -0.645669 
vn 0.322835 -0.779528 -0.543307 
vn 0.149606 -0.748031 -0.645669 
vn 0 -0.84252 -0.543307 
vn 0.149606 -0.748031 -0.645669 
vn 0.165354 -0.826772 -0.543307 
vn 0 -0.76378 -0.645669 
vn 0 -0.84252 -0.543307 
vn -0.149606 -0.748031 -0.645669 
vn 0 -0.76378 -0.645669 
vn -0.149606 -0.748031 -0.645669 
vn -0.165354 -0.826772 -0.543307 
vn -0.299213 0.19685 -0.937008 
vn 0.19685 -0.299213 -0.937008 
vn -0.181102 0.889764 -0.417323 
vn 0.503937 -0.755906 -0.417323 
vn 0.598425 -0.598425 -0.543307 
vn 0.645669 -0.645669 -0.417323 
vn 0.464567 -0.700787 -0.543307 
vn -0.181102 -0.889764 -0.417323 
vn -0.322835 -0.779528 -0.543307 
vn -0.165354 -0.826772 -0.543307 
vn -0.346457 -0.84252 -0.417323 
vn -0.346457 -0.84252 -0.417323 
vn -0.464567 -0.700787 -0.543307 
vn -0.322835 -0.779528 -0.543307 
vn -0.346457 -0.84252 -0.417323 
vn -0.503937 -0.755906 -0.417323 
vn -0.503937 -0.755906 -0.417323 
vn -0.598425 -0.598425 -0.543307 
vn -0.464567 -0.700787 -0.543307 
vn -0.645669 -0.645669 -0.417323 
vn -0.755906 -0.503937 -0.417323 
vn 0.503937 -0.755906 -0.417323 
vn 0.322835 -0.779528 -0.543307 
vn 0.464567 -0.700787 -0.543307 
vn 0.346457 -0.84252 -0.417323 
vn 0.173228 -0.889764 -0.417323 
vn 0.322835 -0.779528 -0.543307 
vn 0.346457 -0.84252 -0.417323 
vn 0.173228 -0.889764 -0.417323 
vn 0.165354 -0.826772 -0.543307 
vn 0.173228 -0.889764 -0.417323 
vn 0 -0.84252 -0.543307 
vn 0.165354 -0.826772 -0.543307 
vn 0 -0.913386 -0.417323 
vn -0.181102 -0.889764 -0.417323 
vn 0 -0.84252 -0.543307 
vn 0 -0.913386 -0.417323 
vn -0.165354 -0.826772 -0.543307 
vn -0.362205 0.88189 -0.307087 
vn -0.677165 0.677165 -0.307087 
vn -0.362205 -0.88189 -0.307087 
vn -0.503937 -0.755906 -0.417323 
vn -0.346457 -0.84252 -0.417323 
vn -0.527559 -0.787402 -0.314961 
vn -0.503937 -0.755906 -0.417323 
vn -0.527559 -0.787402 -0.314961 
vn -0.677165 -0.677165 -0.307087 
vn -0.645669 -0.645669 -0.417323 
vn 0.677165 -0.677165 -0.307087 
vn 0.677165 -0.677165 -0.307087 
vn 0.503937 -0.755906 -0.417323 
vn 0.645669 -0.645669 -0.417323 
vn 0.527559 -0.787402 -0.314961 
vn 0.362205 -0.88189 -0.307087 
vn 0.503937 -0.755906 -0.417323 
vn 0.527559 -0.787402 -0.314961 
vn 0.346457 -0.84252 -0.417323 
vn 0 0.952756 -0.307087 
vn -0.181102 -0.889764 -0.417323 
vn -0.362205 -0.88189 -0.307087 
vn -0.346457 -0.84252 -0.417323 
vn -0.181102 -0.929134 -0.314961 
vn -0.370079 -0.889764 -0.259843 
vn -0.181102 -0.889764 -0.417323 
vn 0.362205 -0.88189 -0.307087 
vn 0.370079 -0.889764 -0.259843 
vn 0.181102 -0.929134 -0.314961 
vn 0.173228 -0.889764 -0.417323 
vn 0.346457 -0.84252 -0.417323 
vn 0 -0.952756 -0.307087 
vn 0.173228 -0.889764 -0.417323 
vn 0.181102 -0.929134 -0.314961 
vn 0 -0.968504 -0.259843 
vn 0.173228 -0.889764 -0.417323 
vn 0 -0.913386 -0.417323 
vn 0 -0.952756 -0.307087 
vn 0 -0.968504 -0.259843 
vn -0.181102 -0.929134 -0.314961 
vn -0.181102 -0.889764 -0.417323 
vn 0 -0.913386 -0.417323 
vn -0.527559 -0.787402 -0.314961 
vn -0.685039 -0.685039 -0.259843 
vn -0.677165 -0.677165 -0.307087 
vn 0.677165 -0.677165 -0.307087 
vn 0.685039 -0.685039 -0.259843 
vn 0.527559 -0.787402 -0.314961 
vn 0.527559 -0.787402 -0.314961 
vn 0.370079 -0.889764 -0.259843 
vn 0.362205 -0.88189 -0.307087 
vn -0.362205 -0.88189 -0.307087 
vn -0.370079 -0.889764 -0.259843 
vn -0.527559 -0.787402 -0.314961 
vn -0.677165 -0.677165 0.307087 
vn -0.913386 0 0.417323 
vn 0 -0.913386 0.417323 
vn -0.251969 -0.251969 0.937008 
vn 0.622047 -0.259843 0.740157 
vn 0.472441 -0.472441 0.740157 
vn -0.133858 -0.661417 0.740157 
vn -0.559055 -0.370079 0.740157 
vn -0.259843 0.622047 0.740157 
vn -0.133858 0.661417 0.740157 
vn -0.559055 0.370079 0.740157 
vn 0.622047 0.259843 0.740157 
vn 0.251969 0.251969 0.937008 
vn 0.472441 0.472441 0.740157 
vn 0.370079 0.559055 0.740157 
vn 0.259843 0.622047 0.740157 
vn -0.700787 -0.464567 0.543307 
vn -0.826772 -0.165354 0.543307 
vn -0.700787 0.464567 0.543307 
vn -0.598425 0.598425 0.543307 
vn -0.464567 0.700787 0.543307 
vn -0.165354 0.826772 0.543307 
vn -0.598425 -0.598425 0.543307 
vn 0.464567 -0.700787 0.543307 
vn 0.779528 -0.322835 0.543307 
vn 0.826772 -0.165354 0.543307 
vn 0 0.84252 0.543307 
vn 0.165354 0.826772 0.543307 
vn 0.779528 0.322835 0.543307 
vn 0.826772 0.165354 0.543307 
vn 0.322835 0.779528 0.543307 
vn 0.598425 0.598425 0.543307 
vn 0.700787 0.464567 0.543307 
vn -0.165354 -0.826772 0.543307 
vn -0.748031 -0.149606 0.645669 
vn -0.700787 0.291339 0.645669 
vn -0.535433 0.543307 0.645669 
vn 0.535433 0.535433 0.645669 
vn 0.149606 -0.748031 0.645669 
vn 0.291339 -0.700787 0.645669 
vn -0.149606 -0.748031 0.645669 
vn -0.535433 -0.535433 0.645669 
vn 0.543307 -0.535433 0.645669 
vn 0.661417 -0.133858 0.740157 
vn 0.84252 0 0.543307 
vn -0.748031 0.149606 0.645669 
vn -0.661417 -0.133858 -0.740157 
vn -0.346457 -0.0708661 -0.937008 
vn -0.330709 -0.141732 -0.937008 
vn -0.622047 -0.259843 -0.740157 
vn -0.354331 0 -0.937008 
vn -0.661417 0.133858 -0.740157 
vn -0.346457 0.0708661 -0.937008 
vn -0.669291 0 -0.740157 
vn -0.661417 0.133858 -0.740157 
vn -0.330709 0.133858 -0.937008 
vn -0.622047 0.259843 -0.740157 
vn -0.346457 0.0708661 -0.937008 
vn -0.748031 0.149606 -0.645669 
vn -0.700787 0.291339 -0.645669 
vn -0.700787 -0.291339 -0.645669 
vn 0.700787 0.464567 -0.543307 
vn 0.535433 0.535433 -0.645669 
vn 0.598425 0.598425 -0.543307 
vn 0.629921 0.425197 -0.645669 
vn 0.622047 0.259843 -0.740157 
vn 0.559055 0.370079 -0.740157 
vn 0.629921 0.425197 -0.645669 
vn 0.700787 0.291339 -0.645669 
vn 0.669291 0 -0.740157 
vn 0.354331 0 -0.937008 
vn 0.661417 0.133858 -0.740157 
vn 0.661417 -0.133858 -0.740157 
vn 0.661417 0.133858 -0.740157 
vn 0.354331 0.0708661 -0.929134 
vn 0.354331 -0.0708661 -0.929134 
vn 0.330709 -0.141732 -0.937008 
vn 0.622047 -0.259843 -0.740157 
vn 0.330709 0.133858 -0.937008 
vn 0.622047 0.259843 -0.740157 
vn 0.354331 0.0708661 -0.929134 
vn 0.425197 0.629921 -0.645669 
vn 0.259843 0.622047 -0.740157 
vn 0.291339 0.700787 -0.645669 
vn 0.370079 0.559055 -0.740157 
vn 0.472441 0.472441 -0.740157 
vn 0.425197 0.629921 -0.645669 
vn 0.535433 0.535433 -0.645669 
vn 0.425197 0.629921 -0.645669 
vn 0.472441 0.472441 -0.740157 
vn 0.370079 0.559055 -0.740157 
vn 0.629921 0.425197 -0.645669 
vn 0.472441 0.472441 -0.740157 
vn 0.535433 0.535433 -0.645669 
vn 0.559055 0.370079 -0.740157 
vn 0.622047 -0.259843 -0.740157 
vn 0.700787 -0.291339 -0.645669 
vn 0.629921 -0.425197 -0.645669 
vn 0.559055 -0.370079 -0.740157 
vn -0.291339 -0.700787 -0.645669 
vn -0.259843 -0.622047 -0.740157 
vn -0.425197 -0.629921 -0.645669 
vn -0.370079 -0.559055 -0.740157 
vn -0.291339 -0.700787 -0.645669 
vn -0.425197 -0.629921 -0.645669 
vn -0.472441 -0.472441 -0.740157 
vn -0.370079 -0.559055 -0.740157 
vn -0.629921 -0.425197 -0.645669 
vn -0.559055 -0.370079 -0.740157 
vn -0.472441 -0.472441 -0.740157 
vn -0.535433 -0.535433 -0.645669 
vn -0.629921 -0.425197 -0.645669 
vn -0.622047 -0.259843 -0.740157 
vn -0.559055 -0.370079 -0.740157 
vn -0.700787 -0.291339 -0.645669 
vn -0.472441 -0.472441 -0.740157 
vn -0.425197 -0.629921 -0.645669 
vn -0.535433 -0.535433 -0.645669 
vn -0.259843 0.622047 -0.740157 
vn -0.425197 0.629921 -0.645669 
vn -0.291339 0.700787 -0.645669 
vn -0.370079 0.559055 -0.740157 
vn -0.629921 0.425197 -0.645669 
vn -0.622047 0.259843 -0.740157 
vn -0.700787 0.291339 -0.645669 
vn -0.629921 0.425197 -0.645669 
vn -0.559055 0.370079 -0.740157 
vn -0.472441 0.472441 -0.740157 
vn -0.535433 0.535433 -0.645669 
vn -0.425197 0.629921 -0.645669 
vn -0.472441 0.472441 -0.740157 
vn -0.629921 0.425197 -0.645669 
vn -0.535433 0.535433 -0.645669 
vn -0.559055 0.370079 -0.740157 
vn -0.472441 0.472441 -0.740157 
vn -0.425197 0.629921 -0.645669 
vn -0.370079 0.559055 -0.740157 
vn 0.629921 -0.425197 -0.645669 
vn 0.472441 -0.472441 -0.740157 
vn 0.559055 -0.370079 -0.740157 
vn 0.535433 -0.535433 -0.645669 
vn 0.425197 -0.629921 -0.645669 
vn 0.370079 -0.559055 -0.740157 
vn 0.472441 -0.472441 -0.740157 
vn 0.425197 -0.629921 -0.645669 
vn 0.472441 -0.472441 -0.740157 
vn 0.535433 -0.535433 -0.645669 
vn 0.425197 -0.629921 -0.645669 
vn 0.259843 -0.622047 -0.740157 
vn 0.370079 -0.559055 -0.740157 
vn 0.291339 -0.700787 -0.645669 
vn 0.149606 -0.748031 -0.645669 
vn 0.535433 0.535433 -0.645669 
vn 0.464567 0.700787 -0.543307 
vn 0.598425 0.598425 -0.543307 
vn 0.425197 0.629921 -0.645669 
vn -0.535433 -0.535433 -0.645669 
vn -0.598425 -0.598425 -0.543307 
vn -0.700787 -0.464567 -0.543307 
vn -0.629921 -0.425197 -0.645669 
vn -0.535433 0.535433 -0.645669 
vn -0.700787 0.464567 -0.543307 
vn -0.598425 0.598425 -0.543307 
vn -0.629921 0.425197 -0.645669 
vn -0.464567 0.700787 -0.543307 
vn -0.535433 0.535433 -0.645669 
vn -0.598425 0.598425 -0.543307 
vn -0.425197 0.629921 -0.645669 
vn -0.464567 -0.700787 -0.543307 
vn -0.535433 -0.535433 -0.645669 
vn -0.425197 -0.629921 -0.645669 
vn -0.598425 -0.598425 -0.543307 
vn 0.700787 -0.464567 -0.543307 
vn 0.535433 -0.535433 -0.645669 
vn 0.629921 -0.425197 -0.645669 
vn 0.598425 -0.598425 -0.543307 
vn 0.464567 -0.700787 -0.543307 
vn 0.425197 -0.629921 -0.645669 
vn 0.535433 -0.535433 -0.645669 
vn 0.598425 -0.598425 -0.543307 
vn -0.19685 0.299213 -0.937008 
vn -0.259843 0.622047 -0.740157 
vn -0.141732 0.330709 -0.937008 
vn -0.19685 0.299213 -0.937008 
vn -0.370079 0.559055 -0.740157 
vn -0.141732 0.330709 -0.937008 
vn -0.259843 0.622047 -0.740157 
vn -0.133858 0.661417 -0.740157 
vn -0.0708661 0.354331 -0.929134 
vn 0 0.354331 -0.937008 
vn -0.133858 0.661417 -0.740157 
vn 0 0.669291 -0.740157 
vn -0.133858 0.661417 -0.740157 
vn -0.0708661 0.354331 -0.929134 
vn 0 0.354331 -0.937008 
vn 0 0.669291 -0.740157 
vn 0.133858 0.661417 -0.740157 
vn 0.133858 0.661417 -0.740157 
vn 0.0708661 0.354331 -0.929134 
vn 0.133858 0.661417 -0.740157 
vn 0.133858 0.330709 -0.937008 
vn 0.0708661 0.354331 -0.929134 
vn 0.259843 0.622047 -0.740157 
vn 0.19685 0.299213 -0.937008 
vn 0.259843 0.622047 -0.740157 
vn 0.370079 0.559055 -0.740157 
vn 0.19685 0.299213 -0.937008 
vn 0.133858 0.330709 -0.937008 
vn 0.251969 0.251969 -0.937008 
vn 0.370079 0.559055 -0.740157 
vn 0.472441 0.472441 -0.740157 
vn 0.370079 0.559055 -0.740157 
vn 0.251969 0.251969 -0.937008 
vn 0.19685 0.299213 -0.937008 
vn 0.559055 0.370079 -0.740157 
vn 0.251969 0.251969 -0.937008 
vn 0.472441 0.472441 -0.740157 
vn 0.299213 0.19685 -0.937008 
vn 0.622047 0.259843 -0.740157 
vn 0.299213 0.19685 -0.937008 
vn 0.559055 0.370079 -0.740157 
vn 0.330709 0.133858 -0.937008 
vn 0.299213 -0.19685 -0.937008 
vn 0.622047 -0.259843 -0.740157 
vn 0.559055 -0.370079 -0.740157 
vn 0.330709 -0.141732 -0.937008 
vn -0.141732 -0.330709 -0.937008 
vn -0.133858 -0.661417 -0.740157 
vn -0.259843 -0.622047 -0.740157 
vn -0.0708661 -0.346457 -0.937008 
vn -0.622047 -0.259843 -0.740157 
vn -0.330709 -0.141732 -0.937008 
vn -0.299213 -0.19685 -0.937008 
vn -0.559055 -0.370079 -0.740157 
vn -0.259843 -0.622047 -0.740157 
vn -0.19685 -0.299213 -0.937008 
vn -0.141732 -0.330709 -0.937008 
vn -0.259843 -0.622047 -0.740157 
vn -0.370079 -0.559055 -0.740157 
vn -0.370079 -0.559055 -0.740157 
vn -0.251969 -0.251969 -0.937008 
vn -0.19685 -0.299213 -0.937008 
vn -0.472441 -0.472441 -0.740157 
vn -0.559055 -0.370079 -0.740157 
vn -0.299213 -0.19685 -0.937008 
vn -0.251969 -0.251969 -0.937008 
vn -0.472441 -0.472441 -0.740157 
vn -0.251969 0.251969 -0.937008 
vn -0.472441 0.472441 -0.740157 
vn -0.370079 0.559055 -0.740157 
vn -0.251969 0.251969 -0.937008 
vn -0.559055 0.370079 -0.740157 
vn -0.472441 0.472441 -0.740157 
vn -0.299213 0.19685 -0.937008 
vn -0.251969 0.251969 -0.937008 
vn -0.370079 0.559055 -0.740157 
vn -0.19685 0.299213 -0.937008 
vn -0.299213 0.19685 -0.937008 
vn -0.622047 0.259843 -0.740157 
vn -0.559055 0.370079 -0.740157 
vn -0.330709 0.133858 -0.937008 
vn 0.559055 -0.370079 -0.740157 
vn 0.251969 -0.251969 -0.937008 
vn 0.299213 -0.19685 -0.937008 
vn 0.472441 -0.472441 -0.740157 
vn 0.370079 -0.559055 -0.740157 
vn 0.251969 -0.251969 -0.937008 
vn 0.472441 -0.472441 -0.740157 
vn 0.19685 -0.299213 -0.937008 
vn 0.251969 -0.251969 -0.937008 
vn 0.259843 -0.622047 -0.740157 
vn 0.19685 -0.299213 -0.937008 
vn 0.370079 -0.559055 -0.740157 
vn 0.259843 -0.622047 -0.740157 
vn 0.133858 -0.330709 -0.937008 
vn 0.133858 -0.661417 -0.740157 
vn 0.133858 -0.330709 -0.937008 
vn 0.259843 -0.622047 -0.740157 
vn 0.0708661 -0.346457 -0.937008 
vn 0 -0.354331 -0.937008 
vn 0.133858 -0.661417 -0.740157 
vn 0 -0.669291 -0.740157 
vn 0.133858 -0.661417 -0.740157 
vn 0.0708661 -0.346457 -0.937008 
vn -0.133858 -0.661417 -0.740157 
vn 0 -0.354331 -0.937008 
vn 0 -0.669291 -0.740157 
vn -0.133858 -0.661417 -0.740157 
vn -0.0708661 -0.346457 -0.937008 
vn -0.141732 0.330709 -0.937008 
vn -0.330709 0.133858 -0.937008 
vn -0.19685 0.299213 -0.937008 
vn -0.141732 0.330709 -0.937008 
vn -0.346457 -0.0708661 -0.937008 
vn -0.330709 0.133858 -0.937008 
vn -0.19685 0.299213 -0.937008 
vn -0.299213 0.19685 -0.937008 
vn -0.0708661 0.354331 -0.929134 
vn 0.0708661 0.354331 -0.929134 
vn 0 0.354331 -0.937008 
vn 0.133858 0.330709 -0.937008 
vn 0.330709 0.133858 -0.937008 
vn 0.19685 0.299213 -0.937008 
vn 0.299213 0.19685 -0.937008 
vn -0.330709 -0.141732 -0.937008 
vn 0.330709 -0.141732 -0.937008 
vn 0.0708661 -0.346457 -0.937008 
vn 0.133858 -0.330709 -0.937008 
vn -0.141732 -0.330709 -0.937008 
vn -0.299213 -0.19685 -0.937008 
vn -0.0708661 -0.346457 -0.937008 
vn 0 -0.354331 -0.937008 
vn -0.19685 -0.299213 -0.937008 
vn -0.251969 -0.251969 -0.937008 
vn 0.299213 0.19685 -0.937008 
vn 0.19685 0.299213 -0.937008 
vn 0.251969 0.251969 -0.937008 
vn 0.330709 0.133858 -0.937008 
vn 0.133858 0.330709 -0.937008 
vn 0.19685 0.299213 -0.937008 
vn 0.330709 -0.141732 -0.937008 
vn 0.354331 -0.0708661 -0.929134 
vn 0.354331 -0.0708661 -0.929134 
vn 0.354331 0.0708661 -0.929134 
vn 0.354331 0 -0.937008 
vn 0.354331 -0.0708661 -0.929134 
vn 0.330709 0.133858 -0.937008 
vn 0.354331 0.0708661 -0.929134 
vn -0.346457 -0.0708661 -0.937008 
vn -0.0708661 0.354331 -0.929134 
vn -0.330709 -0.141732 -0.937008 
vn -0.299213 -0.19685 -0.937008 
vn -0.141732 -0.330709 -0.937008 
vn -0.19685 -0.299213 -0.937008 
vn -0.346457 -0.0708661 -0.937008 
vn -0.346457 0.0708661 -0.937008 
vn -0.330709 0.133858 -0.937008 
vn -0.346457 0.0708661 -0.937008 
vn -0.346457 -0.0708661 -0.937008 
vn -0.354331 0 -0.937008 
vn -0.19685 0.299213 -0.937008 
vn -0.299213 0.19685 -0.937008 
vn -0.251969 0.251969 -0.937008 
vn 0.19685 -0.299213 -0.937008 
vn 0.299213 -0.19685 -0.937008 
vn 0.251969 -0.251969 -0.937008 
vn 0.19685 -0.299213 -0.937008 
vn 0.330709 -0.141732 -0.937008 
vn 0.299213 -0.19685 -0.937008 
vn 0.133858 -0.330709 -0.937008 
vn 0.330709 -0.141732 -0.937008 
vn 0.19685 -0.299213 -0.937008 

vt 40.0019 -12.9821 
vt 40.0019 -12.9741 
vt 40.0608 -12.9558 
vt 40.0019 -12.967 
vt 40.0019 -12.9741 
vt 40.0608 -12.9558 
vt 40.0019 -12.9612 
vt 40.0019 -12.9569 
vt 40.0608 -12.9423 
vt 40.0019 -12.9612 
vt 40.0019 -13.0259 
vt 40.0608 -13.0239 
vt 40.0019 -13.033 
vt 40.0608 -13.0442 
vt 40.0019 -13.0388 
vt 40.0608 -13.0577 
vt 40.0019 -13.0388 
vt 40.0608 -13.0577 
vt 40.0019 -13.033 
vt 40.0608 -13.0442 
vt 40.0019 -13.0259 
vt 40.0019 -13.033 
vt 40.0608 -13.0442 
vt 40.0019 -13.0179 
vt 40.0019 -13.0259 
vt 40.0608 -13.0239 
vt 40.0019 -12.9741 
vt 40.0019 -12.9821 
vt 40.0608 -12.9761 
vt 40.0019 -12.9542 
vt 40.0019 -12.9533 
vt 40.0608 -12.9375 
vt 39.9759 -12.9635 
vt 39.9759 -12.9642 
vt 40.0019 -13.0091 
vt 39.9759 -13.0071 
vt 39.9759 -13.014 
vt 39.9759 -13 
vt 40.0608 -13 
vt 39.9759 -12.9929 
vt 40.0019 -12.9909 
vt 39.9759 -12.986 
vt 40.0019 -13.0458 
vt 40.0019 -13.0458 
vt 39.9759 -13.0337 
vt 40.0019 -13.0179 
vt 39.9759 -13.0071 
vt 39.9759 -13.014 
vt 40.0019 -13.0091 
vt 40.0608 -13.0239 
vt 40.0019 -13.0091 
vt 39.9759 -13 
vt 39.9759 -13.0071 
vt 40.0019 -13 
vt 40.0608 -13 
vt 40.0019 -12.9909 
vt 40.0019 -13 
vt 40.0608 -13 
vt 39.9759 -12.9929 
vt 39.9759 -13 
vt 40.0019 -12.9909 
vt 39.9759 -12.986 
vt 39.9759 -12.9929 
vt 40.0019 -12.9821 
vt 40.0608 -12.9761 
vt 40.0608 -13.0625 
vt 39.9759 -13.0365 
vt 39.9375 -13.0028 
vt 39.9375 -13.0036 
vt 39.9375 -13 
vt 39.9759 -12.9742 
vt 40.0019 -13.0259 
vt 39.9759 -13.014 
vt 39.9759 -13.0203 
vt 40.0019 -13.0179 
vt 39.9759 -12.9742 
vt 40.0019 -12.9741 
vt 40.0019 -12.967 
vt 39.9759 -12.9742 
vt 39.9759 -12.9797 
vt 39.9759 -12.986 
vt 40.0019 -12.9741 
vt 39.9759 -12.9797 
vt 40.0019 -12.9821 
vt 39.9759 -13.0258 
vt 39.9759 -13.0258 
vt 40.0019 -13.033 
vt 39.9759 -13.0203 
vt 39.9759 -13.0258 
vt 40.0019 -13.0259 
vt 39.9427 -13.0047 
vt 39.9427 -13.0087 
vt 39.9427 -13.0068 
vt 39.9427 -12.9887 
vt 39.9427 -12.9932 
vt 39.9427 -12.9953 
vt 39.9375 -12.9964 
vt 39.9427 -12.9913 
vt 39.9618 -13.016 
vt 39.9618 -13.0056 
vt 39.9618 -12.984 
vt 39.9618 -12.9797 
vt 39.9618 -13.0203 
vt 39.9618 -13.0239 
vt 39.9618 -13.0203 
vt 39.9759 -13.0203 
vt 39.9618 -13.016 
vt 39.9759 -13.0258 
vt 39.9759 -13.0258 
vt 39.9618 -13.0203 
vt 39.9759 -13.0203 
vt 39.9618 -13.011 
vt 39.9618 -13.016 
vt 39.9759 -13.014 
vt 39.9759 -13.0071 
vt 39.9618 -13.011 
vt 39.9759 -13.014 
vt 39.9618 -13.0056 
vt 39.9618 -12.9712 
vt 39.9759 -12.9929 
vt 39.9618 -12.989 
vt 39.9618 -12.9944 
vt 39.9759 -12.986 
vt 39.9618 -12.9797 
vt 39.9618 -12.9797 
vt 39.9618 -12.984 
vt 39.9759 -12.9797 
vt 39.9759 -12.9742 
vt 39.9618 -12.989 
vt 39.9759 -12.9797 
vt 39.9618 -12.984 
vt 39.9759 -12.986 
vt 39.9618 -13.0282 
vt 39.9527 -13.0042 
vt 39.9527 -12.9917 
vt 39.9527 -12.9847 
vt 39.9527 -12.9917 
vt 39.9618 -12.984 
vt 39.9527 -12.988 
vt 39.9618 -12.984 
vt 39.9618 -12.989 
vt 39.9527 -12.9847 
vt 39.9527 -13.0199 
vt 39.9527 -13.0212 
vt 39.9527 -13.0153 
vt 39.9527 -13.018 
vt 39.9527 -13.0153 
vt 39.9618 -13.011 
vt 39.9527 -13.012 
vt 39.9618 -13.016 
vt 39.9527 -13.0083 
vt 39.9427 -13.0024 
vt 39.9427 -13 
vt 39.9527 -13.0042 
vt 39.9427 -13.0024 
vt 39.9427 -13.0024 
vt 39.9527 -13.0083 
vt 39.9427 -13.0047 
vt 39.9527 -13 
vt 39.9527 -12.9958 
vt 39.9427 -12.9976 
vt 39.9427 -12.9953 
vt 39.9527 -12.9917 
vt 39.9618 -13.0056 
vt 39.9527 -13.0042 
vt 39.9527 -13.0083 
vt 39.9618 -13.011 
vt 39.9527 -13.0042 
vt 39.9618 -13 
vt 39.9527 -12.9958 
vt 39.9618 -12.9944 
vt 39.9527 -12.9917 
vt 39.9618 -12.989 
vt 39.9527 -12.9958 
vt 39.9759 -13.0071 
vt 39.9618 -13.0056 
vt 39.9759 -13 
vt 39.9618 -12.9944 
vt 39.9759 -12.9929 
vt 39.9527 -12.9958 
vt 40.0625 -13.0574 
vt 40.0625 -13.0574 
vt 40.0625 -12.9762 
vt 40.0625 -13.0238 
vt 40.0037 -12.9545 
vt 40.0608 -12.9375 
vt 40.0037 -12.9545 
vt 40.0625 -12.9379 
vt 40.0037 -13.0257 
vt 40.0608 -13.0442 
vt 40.0625 -13.0439 
vt 40.0608 -12.9558 
vt 40.0037 -12.9742 
vt 40.0625 -12.9561 
vt 40.0037 -13.0454 
vt 40.0608 -13.0625 
vt 40.0625 -13.0621 
vt 40.0608 -12.9423 
vt 40.0037 -12.9545 
vt 40.0625 -12.9426 
vt 40.0037 -13.0454 
vt 40.0608 -13.0577 
vt 40.0625 -13.0574 
vt 40.0037 -13.0385 
vt 40.0608 -13.0577 
vt 40.0625 -13.0574 
vt 40.0608 -12.9423 
vt 40.0037 -12.9615 
vt 40.0625 -12.9426 
vt 40.0037 -12.9545 
vt 40.0608 -12.9423 
vt 40.0019 -12.9542 
vt 40.0608 -13.0577 
vt 40.0037 -13.0454 
vt 40.0019 -13.0458 
vt 40.0608 -13.0577 
vt 40.0037 -13.0385 
vt 40.0019 -13.0388 
vt 40.0608 -13.0442 
vt 40.0037 -13.0257 
vt 40.0019 -13.0259 
vt 40.0037 -12.9742 
vt 40.0608 -12.9558 
vt 40.0019 -12.9741 
vt 40.0037 -12.9615 
vt 40.0608 -12.9423 
vt 40.0019 -12.9612 
vt 40.0037 -12.9545 
vt 40.0608 -12.9375 
vt 40.0019 -12.9542 
vt 40.0608 -13.0625 
vt 40.0037 -13.0454 
vt 40.0019 -13.0458 
vt 39.9549 -13.0082 
vt 39.9549 -12.9918 
vt 39.978 -12.9929 
vt 39.9549 -13.0082 
vt 39.9449 -13.0024 
vt 39.9449 -13.0046 
vt 39.9549 -13.0042 
vt 39.9449 -13.0024 
vt 39.9549 -13 
vt 39.9449 -13 
vt 39.9449 -12.9976 
vt 39.9549 -12.9958 
vt 39.9449 -12.9954 
vt 39.9549 -12.9918 
vt 39.9449 -12.9976 
vt 39.9549 -12.9848 
vt 39.9549 -12.9802 
vt 39.964 -13.0109 
vt 39.9549 -13.0042 
vt 39.9549 -13.0082 
vt 39.9549 -13.0042 
vt 39.964 -13.0056 
vt 39.964 -13 
vt 39.964 -12.9944 
vt 39.9549 -12.9958 
vt 39.9549 -12.9918 
vt 39.964 -12.9891 
vt 39.978 -13.0071 
vt 39.964 -13.0056 
vt 39.978 -13 
vt 39.978 -12.9929 
vt 39.964 -12.9944 
vt 39.964 -13.028 
vt 39.964 -13.0159 
vt 39.9549 -13.0082 
vt 39.9549 -13.0119 
vt 39.964 -13.0159 
vt 39.964 -13.0109 
vt 39.964 -12.9891 
vt 39.964 -12.9841 
vt 39.9549 -12.9918 
vt 39.964 -12.9841 
vt 39.9549 -12.9881 
vt 39.9398 -13.0028 
vt 39.9398 -12.9958 
vt 39.978 -13.0201 
vt 39.964 -13.0202 
vt 39.978 -13.0256 
vt 39.964 -13.0159 
vt 39.964 -13.0109 
vt 39.978 -13.0201 
vt 39.978 -13.0139 
vt 39.964 -13.0159 
vt 39.978 -13.0071 
vt 39.964 -13.0109 
vt 39.978 -13.0139 
vt 39.964 -13.0056 
vt 39.964 -12.9891 
vt 39.978 -12.9929 
vt 39.978 -12.9861 
vt 39.964 -12.9944 
vt 39.978 -12.9861 
vt 39.964 -12.9841 
vt 39.964 -12.9891 
vt 39.978 -12.9799 
vt 39.978 -12.9799 
vt 39.964 -12.9798 
vt 39.964 -12.9841 
vt 39.978 -12.9744 
vt 39.978 -12.9799 
vt 40.0037 -13.0328 
vt 39.978 -13.0201 
vt 40.0037 -13.0328 
vt 40.0037 -13.0257 
vt 39.978 -13.0256 
vt 40.0037 -13.0177 
vt 39.978 -13.0201 
vt 40.0037 -13.0257 
vt 39.978 -13.0139 
vt 40.0037 -13.0328 
vt 39.978 -12.9799 
vt 40.0037 -12.9823 
vt 40.0037 -12.9742 
vt 39.978 -12.9861 
vt 40.0037 -12.9672 
vt 40.0037 -12.9823 
vt 40.0037 -12.9672 
vt 39.978 -12.9744 
vt 39.978 -12.9799 
vt 40.0037 -12.9742 
vt 40.0037 -13 
vt 40.0037 -13.0177 
vt 40.0625 -13.0238 
vt 40.0037 -13.009 
vt 39.978 -13.0071 
vt 39.978 -13.0139 
vt 39.978 -13.0071 
vt 40.0037 -13 
vt 39.978 -13 
vt 40.0037 -13.009 
vt 40.0625 -13 
vt 39.978 -13.0071 
vt 40.0037 -13 
vt 40.0625 -13 
vt 40.0037 -12.9909 
vt 39.978 -12.9929 
vt 39.978 -13 
vt 39.978 -12.9929 
vt 40.0037 -12.9909 
vt 40.0037 -12.9823 
vt 40.0625 -12.9762 
vt 39.978 -12.9861 
vt 39.978 -12.9929 
vt 40.0037 -13.0328 
vt 40.0625 -13.0439 
vt 40.0037 -13.0257 
vt 40.0037 -13.0257 
vt 40.0625 -13.0238 
vt 40.0037 -13.0177 
vt 40.0037 -12.9823 
vt 40.0625 -12.9762 
vt 40.0037 -12.9742 
vt 40.0037 -12.9742 
vt 40.0625 -12.9561 
vt 40.0037 -12.9672 
vt 40.0388 -13.0019 
vt 40.0577 -13.0608 
vt 40.033 -13.0019 
vt 40.0442 -13.0608 
vt 39.9612 -13.0019 
vt 39.9558 -13.0608 
vt 40.033 -13.0019 
vt 40.0259 -13.0019 
vt 40.0442 -13.0608 
vt 40.0259 -13.0019 
vt 40.0179 -13.0019 
vt 40.0239 -13.0608 
vt 39.9821 -13.0019 
vt 39.974 -13.0019 
vt 39.9761 -13.0608 
vt 39.974 -13.0019 
vt 39.967 -13.0019 
vt 39.9558 -13.0608 
vt 40.0388 -13.0019 
vt 40.0577 -13.0608 
vt 40.033 -13.0019 
vt 40.0442 -13.0608 
vt 40.0259 -13.0019 
vt 40.0239 -13.0608 
vt 39.974 -13.0019 
vt 39.9821 -13.0019 
vt 39.9558 -13.0608 
vt 39.9612 -13.0019 
vt 39.9569 -13.0019 
vt 39.9422 -13.0608 
vt 40.0179 -13.0019 
vt 40.0091 -13.0019 
vt 40.0239 -13.0608 
vt 40.014 -12.976 
vt 40.0071 -12.976 
vt 40.0071 -12.976 
vt 40 -13.0019 
vt 40.0091 -13.0019 
vt 40 -13.0608 
vt 40 -12.976 
vt 40 -13.0019 
vt 39.9909 -13.0019 
vt 40 -13.0608 
vt 39.9929 -12.976 
vt 40 -12.976 
vt 39.9821 -13.0019 
vt 39.9929 -12.976 
vt 39.986 -12.976 
vt 39.9909 -13.0019 
vt 39.9761 -13.0608 
vt 40.0458 -13.0019 
vt 40.0358 -12.976 
vt 40.0365 -12.976 
vt 40.0625 -13.0608 
vt 40.0458 -13.0019 
vt 40.0337 -12.976 
vt 40.014 -12.976 
vt 40.0091 -13.0019 
vt 39.9909 -13.0019 
vt 39.986 -12.976 
vt 39.9542 -13.0019 
vt 39.9635 -12.976 
vt 39.9533 -13.0019 
vt 39.9375 -13.0608 
vt 39.9642 -12.976 
vt 40 -13.0608 
vt 40 -12.976 
vt 40.0036 -12.9375 
vt 40.0051 -12.9375 
vt 40.0028 -12.9375 
vt 40.0258 -12.976 
vt 40.0258 -12.976 
vt 40.0259 -13.0019 
vt 40.033 -13.0019 
vt 40.0203 -12.976 
vt 40.014 -12.976 
vt 40.0259 -13.0019 
vt 40.0203 -12.976 
vt 40.0179 -13.0019 
vt 39.9697 -12.976 
vt 39.9797 -12.976 
vt 39.9821 -13.0019 
vt 39.986 -12.976 
vt 39.974 -13.0019 
vt 39.9742 -12.976 
vt 39.974 -13.0019 
vt 39.9797 -12.976 
vt 39.967 -13.0019 
vt 40.0203 -12.976 
vt 40.0258 -12.976 
vt 39.9797 -12.976 
vt 39.9742 -12.976 
vt 39.9887 -12.9427 
vt 39.9913 -12.9427 
vt 40.0024 -12.9427 
vt 40.0102 -12.9427 
vt 40.0047 -12.9427 
vt 40.0024 -12.9427 
vt 40.0102 -12.9427 
vt 39.9964 -12.9375 
vt 39.9913 -12.9427 
vt 39.9932 -12.9427 
vt 39.9953 -12.9427 
vt 40.0282 -12.9618 
vt 40.0239 -12.9618 
vt 40.0203 -12.9618 
vt 40.016 -12.9618 
vt 40.0258 -12.976 
vt 40.0203 -12.9618 
vt 40.0203 -12.976 
vt 40.011 -12.9618 
vt 40.0203 -12.976 
vt 40.016 -12.9618 
vt 40.014 -12.976 
vt 40.011 -12.9618 
vt 40.0071 -12.976 
vt 40.014 -12.976 
vt 40.0056 -12.9618 
vt 40.011 -12.9618 
vt 40.0203 -12.9618 
vt 39.984 -12.9618 
vt 39.9797 -12.9618 
vt 40.0071 -12.976 
vt 40 -12.9618 
vt 40 -12.976 
vt 40.0056 -12.9618 
vt 40 -12.976 
vt 40 -12.9618 
vt 39.9929 -12.976 
vt 39.9944 -12.9618 
vt 39.986 -12.976 
vt 39.9944 -12.9618 
vt 39.989 -12.9618 
vt 39.9929 -12.976 
vt 39.984 -12.9618 
vt 39.986 -12.976 
vt 39.989 -12.9618 
vt 39.986 -12.976 
vt 39.9797 -12.976 
vt 39.9797 -12.9618 
vt 39.9797 -12.976 
vt 39.984 -12.9618 
vt 39.9742 -12.976 
vt 40.0056 -12.9618 
vt 40.0212 -12.9527 
vt 40.018 -12.9527 
vt 40.02 -12.9527 
vt 40.0153 -12.9527 
vt 40.0083 -12.9527 
vt 40.0056 -12.9618 
vt 40.011 -12.9618 
vt 40.0056 -12.9618 
vt 40.0042 -12.9527 
vt 40.016 -12.9618 
vt 40.0083 -12.9527 
vt 40.011 -12.9618 
vt 40.0056 -12.9618 
vt 40 -12.9527 
vt 40 -12.9618 
vt 40.0042 -12.9527 
vt 40.0083 -12.9527 
vt 40.016 -12.9618 
vt 40.012 -12.9527 
vt 39.988 -12.9527 
vt 39.989 -12.9618 
vt 39.9917 -12.9527 
vt 39.988 -12.9527 
vt 39.984 -12.9618 
vt 39.989 -12.9618 
vt 39.9958 -12.9527 
vt 39.9917 -12.9527 
vt 39.9944 -12.9618 
vt 39.9944 -12.9618 
vt 40 -12.9527 
vt 39.9958 -12.9527 
vt 40 -12.9618 
vt 39.9847 -12.9527 
vt 39.9958 -12.9527 
vt 39.9917 -12.9527 
vt 40.0042 -12.9527 
vt 40.0153 -12.9527 
vt 39.9847 -12.9527 
vt 40.0047 -12.9427 
vt 40.0042 -12.9527 
vt 40.0083 -12.9527 
vt 40.0024 -12.9427 
vt 40.0024 -12.9427 
vt 40 -12.9527 
vt 40.0042 -12.9527 
vt 40.0024 -12.9427 
vt 40 -12.9427 
vt 39.9976 -12.9427 
vt 40 -12.9527 
vt 40 -12.9427 
vt 39.9976 -12.9427 
vt 39.9958 -12.9527 
vt 39.9917 -12.9527 
vt 39.9976 -12.9427 
vt 39.9953 -12.9427 
vt 39.9958 -12.9527 
vt 39.9712 -12.9618 
vt 39.9762 -13.0625 
vt 40.0238 -13.0625 
vt 40.0574 -13.0625 
vt 40.0574 -13.0625 
vt 39.9546 -13.0037 
vt 39.9375 -13.0608 
vt 39.9379 -13.0625 
vt 39.9546 -13.0037 
vt 39.9743 -13.0037 
vt 39.9558 -13.0608 
vt 39.9561 -13.0625 
vt 40.0442 -13.0608 
vt 40.0257 -13.0037 
vt 40.0439 -13.0625 
vt 40.0625 -13.0608 
vt 40.0454 -13.0037 
vt 40.0621 -13.0625 
vt 39.9546 -13.0037 
vt 39.9422 -13.0608 
vt 39.9426 -13.0625 
vt 40.0577 -13.0608 
vt 40.0454 -13.0037 
vt 40.0574 -13.0625 
vt 39.9615 -13.0037 
vt 39.9422 -13.0608 
vt 39.9426 -13.0625 
vt 40.0577 -13.0608 
vt 40.0385 -13.0037 
vt 40.0574 -13.0625 
vt 39.9558 -13.0608 
vt 39.9743 -13.0037 
vt 39.974 -13.0019 
vt 40.0257 -13.0037 
vt 40.0442 -13.0608 
vt 40.0259 -13.0019 
vt 39.9375 -13.0608 
vt 39.9546 -13.0037 
vt 39.9542 -13.0019 
vt 40.0454 -13.0037 
vt 40.0625 -13.0608 
vt 40.0458 -13.0019 
vt 39.9422 -13.0608 
vt 39.9615 -13.0037 
vt 39.9612 -13.0019 
vt 40.0385 -13.0037 
vt 40.0577 -13.0608 
vt 40.0388 -13.0019 
vt 39.9422 -13.0608 
vt 39.9546 -13.0037 
vt 39.9542 -13.0019 
vt 40.0454 -13.0037 
vt 40.0577 -13.0608 
vt 40.0458 -13.0019 
vt 39.9802 -12.9549 
vt 39.9958 -12.9549 
vt 39.9976 -12.9449 
vt 39.9954 -12.9449 
vt 39.9918 -12.9549 
vt 39.9976 -12.9449 
vt 39.9958 -12.9549 
vt 40 -12.9549 
vt 40 -12.9449 
vt 39.9976 -12.9449 
vt 40 -12.9549 
vt 40.0024 -12.9449 
vt 40 -12.9449 
vt 40.0024 -12.9449 
vt 40.0042 -12.9549 
vt 40.0042 -12.9549 
vt 40.0046 -12.9449 
vt 40.0024 -12.9449 
vt 40.0082 -12.9549 
vt 40.0086 -12.9449 
vt 39.9918 -12.9549 
vt 39.9848 -12.9549 
vt 40.0082 -12.9549 
vt 40.028 -12.964 
vt 40.0056 -12.964 
vt 40.0042 -12.9549 
vt 40 -12.9549 
vt 40 -12.964 
vt 40.0056 -12.964 
vt 40.0082 -12.9549 
vt 40.0042 -12.9549 
vt 40.0109 -12.964 
vt 40.0159 -12.964 
vt 40.0082 -12.9549 
vt 40.0109 -12.964 
vt 40.0119 -12.9549 
vt 39.9918 -12.9549 
vt 39.9891 -12.964 
vt 39.9944 -12.964 
vt 39.9958 -12.9549 
vt 40 -12.9549 
vt 39.9944 -12.964 
vt 40 -12.964 
vt 39.9958 -12.9549 
vt 39.9918 -12.9549 
vt 39.9841 -12.964 
vt 39.9891 -12.964 
vt 39.9841 -12.964 
vt 39.9918 -12.9549 
vt 39.9881 -12.9549 
vt 39.9841 -12.964 
vt 40.0036 -12.9398 
vt 39.9958 -12.9398 
vt 40.0028 -12.9398 
vt 40.0071 -12.978 
vt 40.0056 -12.964 
vt 40 -12.964 
vt 40 -12.978 
vt 40.0071 -12.978 
vt 40.0109 -12.964 
vt 40.0056 -12.964 
vt 40.0071 -12.978 
vt 40.0139 -12.978 
vt 40.0139 -12.978 
vt 40.0159 -12.964 
vt 40.0109 -12.964 
vt 40.0201 -12.978 
vt 40.0256 -12.978 
vt 40.0159 -12.964 
vt 40.0201 -12.978 
vt 40.0202 -12.964 
vt 40 -12.964 
vt 39.9929 -12.978 
vt 40 -12.978 
vt 39.9944 -12.964 
vt 39.9891 -12.964 
vt 39.9861 -12.978 
vt 39.9929 -12.978 
vt 39.9944 -12.964 
vt 39.9891 -12.964 
vt 39.9799 -12.978 
vt 39.9861 -12.978 
vt 39.9841 -12.964 
vt 39.9799 -12.978 
vt 39.9798 -12.964 
vt 39.9744 -12.978 
vt 39.9841 -12.964 
vt 39.9929 -12.978 
vt 39.9799 -12.978 
vt 40.0177 -13.0037 
vt 40.0201 -12.978 
vt 40.0139 -12.978 
vt 40.0257 -13.0037 
vt 40.0328 -13.0037 
vt 40.0201 -12.978 
vt 40.0257 -13.0037 
vt 40.0256 -12.978 
vt 39.9799 -12.978 
vt 39.9743 -13.0037 
vt 39.9823 -13.0037 
vt 39.9823 -13.0037 
vt 39.9861 -12.978 
vt 39.9799 -12.978 
vt 39.9672 -13.0037 
vt 39.9743 -13.0037 
vt 39.9744 -12.978 
vt 39.9672 -13.0037 
vt 40.0328 -13.0037 
vt 40.0177 -13.0037 
vt 40.0139 -12.978 
vt 40.0071 -12.978 
vt 40.009 -13.0037 
vt 40.0238 -13.0625 
vt 40.0071 -12.978 
vt 40 -13.0625 
vt 40 -13.0037 
vt 39.991 -13.0037 
vt 39.9929 -12.978 
vt 40 -12.978 
vt 40.009 -13.0037 
vt 40 -13.0037 
vt 40 -13.0625 
vt 40.0071 -12.978 
vt 40.0071 -12.978 
vt 40 -12.978 
vt 39.9929 -12.978 
vt 39.9823 -13.0037 
vt 39.991 -13.0037 
vt 39.9762 -13.0625 
vt 39.9861 -12.978 
vt 40.0177 -13.0037 
vt 40.0238 -13.0625 
vt 40.0257 -13.0037 
vt 39.9672 -13.0037 
vt 39.9561 -13.0625 
vt 39.9743 -13.0037 
vt 40.0257 -13.0037 
vt 40.0439 -13.0625 
vt 40.0328 -13.0037 
vt 39.9743 -13.0037 
vt 39.9762 -13.0625 
vt 39.9823 -13.0037 
vt 39.967 -13.033 
vt 39.9635 -13 
vt 40 -13.0365 
vt 40.005 -12.999 
vt 40.005 -13.001 
vt 40.0051 -13 
vt 40.005 -13.001 
vt 40.0042 -13.0028 
vt 40.0047 -13.002 
vt 40.0042 -13.0028 
vt 40.005 -13.001 
vt 40.0036 -13.0036 
vt 40.0036 -13.0036 
vt 40.005 -13.001 
vt 40.005 -12.999 
vt 40.005 -12.999 
vt 40.0028 -13.0042 
vt 40.0036 -13.0036 
vt 40.0028 -13.0042 
vt 40.001 -13.005 
vt 40.002 -13.0047 
vt 39.9981 -13.0047 
vt 39.9964 -13.0036 
vt 39.9972 -13.0042 
vt 39.9964 -13.0036 
vt 39.9981 -13.0047 
vt 39.9953 -13.002 
vt 39.9953 -13.002 
vt 39.9958 -13.0028 
vt 39.9953 -12.998 
vt 39.9949 -13 
vt 39.9964 -12.9964 
vt 39.9972 -12.9958 
vt 39.9972 -12.9958 
vt 39.999 -12.995 
vt 39.9981 -12.9953 
vt 39.9953 -12.998 
vt 39.9964 -12.9964 
vt 39.9958 -12.9972 
vt 39.9953 -13.002 
vt 39.9949 -13 
vt 39.995 -13.001 
vt 40.0042 -12.9972 
vt 40.005 -12.999 
vt 40.0047 -12.998 
vt 40 -12.9949 
vt 40.002 -12.9953 
vt 40.001 -12.995 
vt 40.0102 -13.0068 
vt 40.0047 -13.002 
vt 40.0042 -13.0028 
vt 40.0102 -13.0068 
vt 40.0113 -13.0047 
vt 40.0102 -13.0068 
vt 40.0042 -13.0028 
vt 40.0087 -13.0087 
vt 40.0036 -13.0036 
vt 40.0087 -13.0087 
vt 40.0036 -13.0036 
vt 40.0068 -13.0102 
vt 40.0028 -13.0042 
vt 40.0068 -13.0102 
vt 40.0068 -13.0102 
vt 40.002 -13.0047 
vt 40.0047 -13.0113 
vt 40.0028 -13.0042 
vt 40.0047 -13.0113 
vt 40.002 -13.0047 
vt 40.0024 -13.012 
vt 40.001 -13.005 
vt 40 -13.0122 
vt 40.0024 -13.012 
vt 40.001 -13.005 
vt 40 -13.0051 
vt 39.999 -13.005 
vt 40 -13.0122 
vt 40 -13.0051 
vt 39.9976 -13.012 
vt 39.999 -13.005 
vt 39.9953 -13.0113 
vt 39.9976 -13.012 
vt 39.9953 -13.0113 
vt 39.999 -13.005 
vt 39.9981 -13.0047 
vt 39.9972 -13.0042 
vt 39.9953 -13.0113 
vt 39.9981 -13.0047 
vt 39.9932 -13.0102 
vt 39.9964 -13.0036 
vt 39.9932 -13.0102 
vt 39.9972 -13.0042 
vt 39.9932 -13.0102 
vt 39.9913 -13.0087 
vt 39.9958 -13.0028 
vt 39.9913 -13.0087 
vt 39.9964 -13.0036 
vt 39.9898 -13.0068 
vt 39.9898 -13.0068 
vt 39.9958 -13.0028 
vt 39.9887 -13.0047 
vt 39.9953 -13.002 
vt 39.9932 -12.9898 
vt 39.9981 -12.9953 
vt 39.9953 -12.9887 
vt 39.9972 -12.9958 
vt 39.9981 -12.9953 
vt 39.9976 -12.988 
vt 39.9953 -12.9887 
vt 39.9976 -12.988 
vt 39.999 -12.995 
vt 39.9964 -12.9964 
vt 39.9932 -12.9898 
vt 39.9913 -12.9913 
vt 39.9972 -12.9958 
vt 39.9898 -12.9932 
vt 39.9964 -12.9964 
vt 39.9913 -12.9913 
vt 39.9958 -12.9972 
vt 39.9887 -12.9953 
vt 39.9958 -12.9972 
vt 39.9898 -12.9932 
vt 39.9953 -12.998 
vt 40 -12.9878 
vt 39.999 -12.995 
vt 40 -12.9949 
vt 39.999 -12.995 
vt 40 -12.9878 
vt 39.9976 -12.988 
vt 40.001 -12.995 
vt 40 -12.9878 
vt 40 -12.9949 
vt 40.0047 -12.998 
vt 40.0113 -12.9953 
vt 40.0042 -12.9972 
vt 40.0102 -12.9932 
vt 40 -12.9878 
vt 40.001 -12.995 
vt 40.0024 -12.988 
vt 40.0042 -12.9972 
vt 40.0102 -12.9932 
vt 40.0036 -12.9964 
vt 40.0087 -12.9913 
vt 40.0036 -12.9964 
vt 40.0087 -12.9913 
vt 40.0028 -12.9958 
vt 40.0068 -12.9898 
vt 40.0028 -12.9958 
vt 40.0068 -12.9898 
vt 40.002 -12.9953 
vt 40.0047 -12.9887 
vt 40.002 -12.9953 
vt 40.0047 -12.9887 
vt 40.001 -12.995 
vt 40.0024 -12.988 
vt 40.001 -12.995 
vt 40.0047 -12.9887 
vt 39.9761 -13.016 
vt 39.9797 -12.9797 
vt 39.984 -12.9761 
vt 39.9944 -12.9718 
vt 39.9797 -13.0203 
vt 40.0266 -13.011 
vt 40.0282 -13.0056 
vt 40 -12.9712 
vt 40.0056 -12.9718 
vt 40.0266 -12.989 
vt 40.0282 -12.9944 
vt 40.011 -12.9734 
vt 40.0203 -12.9797 
vt 40.0239 -12.984 
vt 39.9788 -13.0042 
vt 39.9878 -13 
vt 39.988 -13.0024 
vt 39.995 -13.001 
vt 39.9949 -13 
vt 39.995 -12.999 
vt 39.988 -12.9976 
vt 39.9953 -12.998 
vt 39.9887 -12.9953 
vt 39.995 -12.999 
vt 39.9887 -13.0047 
vt 39.995 -13.001 
vt 39.9953 -13.002 
vt 39.9953 -12.998 
vt 39.995 -12.999 
vt 39.999 -12.995 
vt 39.9972 -12.9958 
vt 40 -12.9949 
vt 40.002 -12.9953 
vt 40.0028 -12.9958 
vt 40.0028 -13.0042 
vt 39.9953 -13.002 
vt 39.9981 -13.0047 
vt 40.001 -13.005 
vt 39.9981 -13.0047 
vt 40 -13.0051 
vt 40 -13.0051 
vt 39.999 -13.005 
vt 40.005 -12.999 
vt 40.0042 -12.9972 
vt 40.0028 -13.0042 
vt 40.0028 -12.9958 
vt 40.0042 -12.9972 
vt 40.0036 -12.9964 
vt 39.982 -12.988 
vt 39.98 -12.9917 
vt 39.9761 -12.984 
vt 39.9847 -12.9847 
vt 39.9797 -12.9797 
vt 39.9761 -12.984 
vt 39.982 -12.988 
vt 39.9847 -12.9847 
vt 39.984 -12.9761 
vt 39.9797 -12.9797 
vt 39.988 -12.982 
vt 40.0153 -12.9847 
vt 40.016 -12.9761 
vt 40.012 -12.982 
vt 40.0203 -12.9797 
vt 40.0042 -13.0212 
vt 40.0083 -13.0199 
vt 39.9958 -13.0212 
vt 39.988 -13.018 
vt 39.9797 -13.0203 
vt 39.984 -13.0239 
vt 39.9847 -13.0153 
vt 40.012 -13.018 
vt 40.0203 -13.0203 
vt 40.012 -13.018 
vt 40.016 -13.0239 
vt 40.0153 -13.0153 
vt 40.0239 -13.016 
vt 40.018 -13.012 
vt 40.0203 -13.0203 
vt 40.0153 -13.0153 
vt 40.0153 -13.0153 
vt 40.0102 -13.0068 
vt 40.0087 -13.0087 
vt 40.018 -13.012 
vt 40.0068 -13.0102 
vt 40.0153 -13.0153 
vt 40.0087 -13.0087 
vt 40.0153 -13.0153 
vt 40.012 -13.018 
vt 40.012 -13.018 
vt 40.0068 -13.0102 
vt 40.0083 -13.0199 
vt 40.0047 -13.0113 
vt 40.0068 -13.0102 
vt 39.9953 -13.0113 
vt 39.988 -13.018 
vt 39.9917 -13.0199 
vt 39.9932 -13.0102 
vt 39.9898 -13.0068 
vt 39.9847 -13.0153 
vt 39.9913 -13.0087 
vt 39.982 -13.012 
vt 40.0113 -13.0047 
vt 40.018 -13.012 
vt 40.02 -13.0083 
vt 40.0102 -13.0068 
vt 39.988 -12.982 
vt 39.9953 -12.9887 
vt 39.9917 -12.9801 
vt 39.9932 -12.9898 
vt 39.9913 -12.9913 
vt 39.988 -12.982 
vt 39.9847 -12.9847 
vt 39.9932 -12.9898 
vt 39.982 -12.988 
vt 39.9913 -12.9913 
vt 39.9847 -12.9847 
vt 39.9898 -12.9932 
vt 39.98 -12.9917 
vt 39.9898 -12.9932 
vt 39.982 -12.988 
vt 39.9887 -12.9953 
vt 40.0102 -12.9932 
vt 40.018 -12.988 
vt 40.0087 -12.9913 
vt 40.0153 -12.9847 
vt 40.0068 -12.9898 
vt 40.0083 -12.9801 
vt 40.0047 -12.9887 
vt 40.0087 -12.9913 
vt 40.012 -12.982 
vt 40.0068 -12.9898 
vt 40.0153 -12.9847 
vt 40.0083 -12.9801 
vt 40.0068 -12.9898 
vt 40.012 -12.982 
vt 39.9932 -13.0102 
vt 39.9847 -13.0153 
vt 39.988 -13.018 
vt 39.9913 -13.0087 
vt 40.0051 -13 
vt 40.012 -12.9976 
vt 40.005 -12.999 
vt 40.012 -13.0024 
vt 40.005 -13.001 
vt 40.0047 -12.998 
vt 40.0113 -12.9953 
vt 40.005 -12.999 
vt 40.0122 -13 
vt 40.012 -13.0024 
vt 40.005 -13.001 
vt 40.0113 -13.0047 
vt 40.0047 -13.002 
vt 40.0288 -13 
vt 40.018 -12.988 
vt 40.0113 -12.9953 
vt 40.02 -12.9917 
vt 40.018 -12.988 
vt 40.0102 -12.9932 
vt 40.0239 -12.984 
vt 40.0153 -12.9847 
vt 40.0203 -12.9797 
vt 39.982 -13.012 
vt 39.9887 -13.0047 
vt 39.98 -13.0083 
vt 39.982 -13.012 
vt 39.9898 -13.0068 
vt 39.9761 -13.016 
vt 39.9847 -13.0153 
vt 39.9797 -13.0203 
vt 39.9981 -12.9821 
vt 39.9981 -12.9741 
vt 39.9392 -12.9761 
vt 39.9981 -12.9741 
vt 39.9981 -12.967 
vt 39.9392 -12.9558 
vt 39.9981 -12.9741 
vt 39.9392 -12.9558 
vt 39.9981 -12.9612 
vt 39.9981 -12.9569 
vt 39.9981 -12.9612 
vt 39.9981 -13.0259 
vt 39.9981 -13.0179 
vt 39.9392 -13.0239 
vt 39.9981 -13.033 
vt 39.9981 -13.0259 
vt 39.9392 -13.0442 
vt 39.9981 -13.0388 
vt 39.9392 -13.0577 
vt 39.9981 -13.0388 
vt 39.9392 -13.0577 
vt 39.9392 -13.0442 
vt 39.9981 -13.0259 
vt 39.9981 -13.0179 
vt 39.9392 -13.0239 
vt 39.9981 -12.9821 
vt 39.9392 -12.9761 
vt 39.9981 -12.9542 
vt 39.9981 -12.9533 
vt 39.9392 -12.9375 
vt 40.0241 -12.9642 
vt 39.9981 -13.0179 
vt 39.9981 -13.0091 
vt 39.9392 -13.0239 
vt 40.0241 -13.0071 
vt 40.0241 -13.014 
vt 40.0241 -13 
vt 39.9981 -13.0091 
vt 40.0241 -13.0071 
vt 39.9981 -13 
vt 39.9392 -13 
vt 40.0241 -12.9929 
vt 39.9981 -13 
vt 40.0241 -13 
vt 39.9981 -12.9909 
vt 39.9392 -13 
vt 40.0241 -12.986 
vt 39.9981 -12.9909 
vt 40.0241 -12.9929 
vt 39.9981 -12.9821 
vt 39.9392 -12.9761 
vt 39.9981 -13.0458 
vt 40.0241 -13.0337 
vt 40.0241 -13.014 
vt 39.9981 -13.0091 
vt 40.0241 -13 
vt 39.9392 -13 
vt 39.9981 -12.9909 
vt 40.0241 -12.9929 
vt 40.0241 -12.986 
vt 39.9392 -13.0625 
vt 40.0241 -13.0365 
vt 40.0625 -13 
vt 40.0625 -12.9958 
vt 40.0241 -12.9797 
vt 39.9981 -12.9821 
vt 40.0241 -12.986 
vt 39.9981 -12.9741 
vt 40.0241 -12.9742 
vt 39.9981 -12.9741 
vt 40.0241 -12.9797 
vt 39.9981 -12.967 
vt 40.0241 -13.0203 
vt 40.0241 -12.9742 
vt 40.0241 -13.014 
vt 39.9981 -13.0259 
vt 40.0241 -13.0203 
vt 39.9981 -13.0179 
vt 40.0241 -13.0258 
vt 39.9981 -13.033 
vt 40.0241 -13.0203 
vt 39.9981 -13.0259 
vt 40.0241 -13.0258 
vt 40.0241 -13.0258 
vt 40.0573 -13.0047 
vt 40.0573 -13.0087 
vt 40.0573 -13.0068 
vt 40.0573 -12.9887 
vt 40.0573 -12.9932 
vt 40.0573 -12.9953 
vt 40.0625 -12.9964 
vt 40.0573 -12.9913 
vt 40.0573 -12.9898 
vt 40.0382 -13.011 
vt 40.0241 -13.0203 
vt 40.0382 -13.016 
vt 40.0241 -13.014 
vt 40.0382 -13.0056 
vt 40.0241 -13.014 
vt 40.0382 -13.011 
vt 40.0241 -13.0071 
vt 40.0382 -12.989 
vt 40.0241 -12.9929 
vt 40.0382 -12.9944 
vt 40.0241 -12.986 
vt 40.0382 -12.984 
vt 40.0241 -12.986 
vt 40.0382 -12.989 
vt 40.0241 -12.9797 
vt 40.0382 -12.9797 
vt 40.0241 -12.9797 
vt 40.0382 -12.984 
vt 40.0241 -12.9742 
vt 40.0382 -13.0203 
vt 40.0382 -13.0203 
vt 40.0241 -13.0203 
vt 40.0241 -13.0258 
vt 40.0382 -13.016 
vt 40.0382 -13.0239 
vt 40.0382 -13.0203 
vt 40.0382 -13.011 
vt 40.0382 -13.0056 
vt 40.0382 -12.9712 
vt 40.0382 -12.989 
vt 40.0382 -12.9944 
vt 40.0382 -12.9797 
vt 40.0382 -12.984 
vt 40.0573 -13.0024 
vt 40.0473 -13.0083 
vt 40.0573 -13.0047 
vt 40.0473 -13.0042 
vt 40.0573 -13 
vt 40.0573 -13.0024 
vt 40.0473 -13 
vt 40.0573 -12.9976 
vt 40.0382 -12.989 
vt 40.0473 -12.988 
vt 40.0382 -12.984 
vt 40.0473 -12.9917 
vt 40.0473 -12.9847 
vt 40.0473 -12.9847 
vt 40.0473 -13.0083 
vt 40.0382 -13.016 
vt 40.0473 -13.012 
vt 40.0382 -13.011 
vt 40.0473 -13.0199 
vt 40.0473 -13.0153 
vt 40.0473 -13.0153 
vt 40.0573 -13.0024 
vt 40.0473 -13.0042 
vt 40.0382 -13 
vt 40.0473 -13.0042 
vt 40.0382 -13.011 
vt 40.0473 -13.0083 
vt 40.0382 -13.0056 
vt 40.0473 -13.0042 
vt 40.0382 -13 
vt 40.0473 -12.9958 
vt 40.0382 -12.9944 
vt 40.0473 -12.9917 
vt 40.0473 -12.9958 
vt 40.0382 -12.989 
vt 40.0241 -13.0071 
vt 40.0382 -13.0056 
vt 40.0241 -13 
vt 40.0241 -12.9929 
vt 40.0382 -12.9944 
vt 40.0573 -12.9976 
vt 40.0473 -12.9958 
vt 40.0573 -12.9953 
vt 40.0473 -12.9917 
vt 39.9963 -12.9545 
vt 39.9392 -12.9423 
vt 39.9375 -12.9426 
vt 39.9392 -13.0577 
vt 39.9963 -13.0454 
vt 39.9375 -13.0574 
vt 39.9963 -12.9615 
vt 39.9392 -12.9423 
vt 39.9375 -12.9426 
vt 39.9392 -13.0577 
vt 39.9963 -13.0385 
vt 39.9375 -13.0574 
vt 39.9963 -12.9545 
vt 39.9392 -12.9375 
vt 39.9375 -12.9379 
vt 39.9392 -13.0442 
vt 39.9963 -13.0257 
vt 39.9375 -13.0439 
vt 39.9963 -13.009 
vt 39.9963 -12.9742 
vt 39.9392 -12.9558 
vt 39.9375 -12.9561 
vt 39.9392 -13.0625 
vt 39.9963 -13.0454 
vt 39.9375 -13.0621 
vt 39.9392 -12.9423 
vt 39.9963 -12.9545 
vt 39.9981 -12.9542 
vt 39.9963 -13.0454 
vt 39.9392 -13.0577 
vt 39.9981 -13.0458 
vt 39.9963 -13.0257 
vt 39.9392 -13.0442 
vt 39.9981 -13.0259 
vt 39.9963 -13.0385 
vt 39.9392 -13.0577 
vt 39.9981 -13.0388 
vt 39.9392 -12.9558 
vt 39.9963 -12.9742 
vt 39.9981 -12.9741 
vt 39.9392 -12.9423 
vt 39.9963 -12.9615 
vt 39.9981 -12.9612 
vt 39.9963 -13.0454 
vt 39.9392 -13.0625 
vt 39.9981 -13.0458 
vt 39.9392 -12.9375 
vt 39.9963 -12.9545 
vt 39.9981 -12.9542 
vt 40.0551 -13 
vt 40.0451 -13.0042 
vt 40.0551 -13.0024 
vt 40.0551 -13.0046 
vt 40.0451 -13.0082 
vt 40.0551 -13.0024 
vt 40.0451 -13 
vt 40.0551 -12.9976 
vt 40.0451 -12.9958 
vt 40.0551 -12.9954 
vt 40.0451 -12.9918 
vt 40.0551 -12.9976 
vt 40.036 -13.0056 
vt 40.0451 -13.0042 
vt 40.0451 -13.0082 
vt 40.036 -13.0109 
vt 40.0451 -13.0042 
vt 40.036 -13 
vt 40.0451 -12.9958 
vt 40.036 -12.9944 
vt 40.0451 -12.9918 
vt 40.036 -12.9891 
vt 40.022 -13.0071 
vt 40.036 -13.0056 
vt 40.022 -13 
vt 40.022 -12.9929 
vt 40.036 -12.9944 
vt 40.0451 -12.9848 
vt 40.036 -12.9891 
vt 40.022 -12.9929 
vt 40.036 -12.9841 
vt 40.0451 -12.9918 
vt 40.0451 -12.9881 
vt 40.036 -12.9841 
vt 40.036 -12.9891 
vt 40.036 -13.0159 
vt 40.0451 -13.0082 
vt 40.036 -13.0109 
vt 40.036 -13.0159 
vt 40.0451 -13.0119 
vt 40.0602 -13.0028 
vt 40.0602 -12.9958 
vt 40.022 -13.0201 
vt 40.022 -13.0256 
vt 40.036 -13.0159 
vt 40.022 -13.0201 
vt 40.036 -13.0202 
vt 40.036 -13.0159 
vt 40.022 -13.0139 
vt 40.022 -13.0201 
vt 40.036 -13.0109 
vt 40.036 -13.0109 
vt 40.022 -13.0071 
vt 40.022 -13.0139 
vt 40.036 -13.0056 
vt 40.022 -12.9699 
vt 40.022 -12.9744 
vt 40.022 -12.9799 
vt 40.036 -12.9798 
vt 40.036 -12.9841 
vt 40.022 -12.9799 
vt 40.036 -12.9891 
vt 40.036 -12.9841 
vt 40.022 -12.9861 
vt 40.022 -12.9929 
vt 40.036 -12.9891 
vt 40.022 -12.9861 
vt 40.036 -12.9944 
vt 39.9963 -13.0328 
vt 39.9963 -12.9823 
vt 39.9963 -12.9672 
vt 39.9963 -12.9672 
vt 40.022 -12.9799 
vt 40.022 -12.9744 
vt 39.9963 -12.9742 
vt 39.9963 -12.9742 
vt 39.9963 -12.9823 
vt 40.022 -12.9799 
vt 40.022 -12.9861 
vt 39.9963 -13.0328 
vt 40.022 -13.0201 
vt 39.9963 -13.0257 
vt 40.022 -13.0256 
vt 40.022 -13.0201 
vt 39.9963 -13.0177 
vt 39.9963 -13.0257 
vt 40.022 -13.0139 
vt 39.9963 -12.9672 
vt 39.9963 -12.9823 
vt 39.9375 -12.9762 
vt 39.9963 -12.9909 
vt 40.022 -12.9929 
vt 40.022 -12.9861 
vt 39.9963 -13 
vt 40.022 -13.0071 
vt 40.022 -13 
vt 39.9963 -13.009 
vt 39.9375 -13 
vt 40.022 -12.9929 
vt 39.9963 -13 
vt 40.022 -13 
vt 39.9963 -12.9909 
vt 39.9375 -13 
vt 39.9963 -13.009 
vt 39.9375 -13.0238 
vt 39.9963 -13.0177 
vt 40.022 -13.0071 
vt 40.022 -13.0139 
vt 39.9963 -13 
vt 39.9963 -13.0257 
vt 39.9375 -13.0439 
vt 39.9963 -13.0328 
vt 39.9963 -13.0177 
vt 39.9375 -13.0238 
vt 39.9963 -13.0257 
vt 39.9963 -12.9672 
vt 39.9375 -12.9561 
vt 39.9963 -12.9742 
vt 39.9963 -12.9742 
vt 39.9375 -12.9762 
vt 39.9963 -12.9823 
vt 39.9612 -13.0019 
vt 39.9423 -13.0608 
vt 39.9558 -13.0608 
vt 40.0388 -13.0019 
vt 40.0442 -13.0608 
vt 39.9741 -13.0019 
vt 39.9821 -13.0019 
vt 39.9761 -13.0608 
vt 40.0179 -13.0019 
vt 40.026 -13.0019 
vt 40.0239 -13.0608 
vt 39.9612 -13.0019 
vt 39.9423 -13.0608 
vt 39.967 -13.0019 
vt 39.9558 -13.0608 
vt 39.9821 -13.0019 
vt 39.9741 -13.0019 
vt 39.9761 -13.0608 
vt 39.9741 -13.0019 
vt 39.967 -13.0019 
vt 39.9558 -13.0608 
vt 40.026 -13.0019 
vt 40.0179 -13.0019 
vt 40.0239 -13.0608 
vt 40.033 -13.0019 
vt 40.026 -13.0019 
vt 40.0442 -13.0608 
vt 40.0388 -13.0019 
vt 40.0431 -13.0019 
vt 39.9909 -13.0019 
vt 39.986 -12.976 
vt 40 -13.0019 
vt 40 -13.0608 
vt 40 -12.976 
vt 40.0091 -13.0019 
vt 40.0071 -12.976 
vt 40.014 -12.976 
vt 39.9635 -12.976 
vt 39.9375 -13.0608 
vt 39.9542 -13.0019 
vt 39.9663 -12.976 
vt 39.986 -12.976 
vt 39.9909 -13.0019 
vt 39.9929 -12.976 
vt 39.9821 -13.0019 
vt 39.9761 -13.0608 
vt 40.0071 -12.976 
vt 40.0091 -13.0019 
vt 40.014 -12.976 
vt 40.0179 -13.0019 
vt 40.0239 -13.0608 
vt 40.0458 -13.0019 
vt 40.0467 -13.0019 
vt 40.0625 -13.0608 
vt 40.0358 -12.976 
vt 40 -13.0608 
vt 40.0091 -13.0019 
vt 40 -13.0019 
vt 40 -12.976 
vt 40.0071 -12.976 
vt 39.9909 -13.0019 
vt 40 -13.0608 
vt 40 -13.0019 
vt 40 -12.976 
vt 39.9929 -12.976 
vt 40.0042 -12.9375 
vt 39.9964 -12.9375 
vt 39.9949 -12.9375 
vt 39.9742 -12.976 
vt 40.0303 -12.976 
vt 40.0258 -12.976 
vt 39.9797 -12.976 
vt 39.9821 -13.0019 
vt 39.986 -12.976 
vt 39.9741 -13.0019 
vt 39.9797 -12.976 
vt 39.967 -13.0019 
vt 39.9741 -13.0019 
vt 39.9742 -12.976 
vt 40.014 -12.976 
vt 40.0179 -13.0019 
vt 40.0203 -12.976 
vt 40.0179 -13.0019 
vt 40.026 -13.0019 
vt 40.026 -13.0019 
vt 40.0258 -12.976 
vt 40.0203 -12.976 
vt 40.033 -13.0019 
vt 40.0113 -12.9427 
vt 39.9976 -12.9427 
vt 39.9898 -12.9427 
vt 39.9953 -12.9427 
vt 39.9976 -12.9427 
vt 39.9898 -12.9427 
vt 40.0036 -12.9375 
vt 40.0087 -12.9427 
vt 40.0068 -12.9427 
vt 40.0047 -12.9427 
vt 39.9761 -12.9618 
vt 39.9797 -12.9618 
vt 39.984 -12.9618 
vt 39.9944 -12.9618 
vt 39.989 -12.9618 
vt 39.9797 -12.976 
vt 39.986 -12.976 
vt 39.984 -12.9618 
vt 39.984 -12.9618 
vt 39.9742 -12.976 
vt 39.9797 -12.976 
vt 39.9797 -12.9618 
vt 40.0203 -12.976 
vt 40.011 -12.9618 
vt 40.014 -12.976 
vt 40.016 -12.9618 
vt 40.0258 -12.976 
vt 40.016 -12.9618 
vt 40.0203 -12.976 
vt 40.0203 -12.9618 
vt 40 -12.9618 
vt 40.0056 -12.9618 
vt 40.011 -12.9618 
vt 40.0203 -12.9618 
vt 39.9929 -12.976 
vt 40 -12.9618 
vt 39.9944 -12.9618 
vt 40 -12.976 
vt 39.989 -12.9618 
vt 39.9929 -12.976 
vt 39.9944 -12.9618 
vt 39.986 -12.976 
vt 40.0071 -12.976 
vt 40.014 -12.976 
vt 40.011 -12.9618 
vt 40.0056 -12.9618 
vt 40.0071 -12.976 
vt 40 -12.9618 
vt 40 -12.976 
vt 40.0056 -12.9618 
vt 39.98 -12.9527 
vt 39.9847 -12.9527 
vt 39.9958 -12.9527 
vt 40.0153 -12.9527 
vt 40.0042 -12.9527 
vt 40.0056 -12.9618 
vt 40.0083 -12.9527 
vt 40.011 -12.9618 
vt 40 -12.9527 
vt 40.0056 -12.9618 
vt 40.0042 -12.9527 
vt 40 -12.9618 
vt 40 -12.9527 
vt 39.9944 -12.9618 
vt 40 -12.9618 
vt 39.9958 -12.9527 
vt 39.9917 -12.9527 
vt 39.9944 -12.9618 
vt 39.9958 -12.9527 
vt 39.989 -12.9618 
vt 39.9917 -12.9527 
vt 39.984 -12.9618 
vt 39.989 -12.9618 
vt 39.984 -12.9618 
vt 39.9917 -12.9527 
vt 39.988 -12.9527 
vt 39.9847 -12.9527 
vt 40.016 -12.9618 
vt 40.0083 -12.9527 
vt 40.011 -12.9618 
vt 40.0083 -12.9527 
vt 40.016 -12.9618 
vt 40.012 -12.9527 
vt 40.0153 -12.9527 
vt 40.0042 -12.9527 
vt 40.0083 -12.9527 
vt 40.0047 -12.9427 
vt 40.0024 -12.9427 
vt 40.0047 -12.9427 
vt 39.9953 -12.9427 
vt 39.9958 -12.9527 
vt 39.9976 -12.9427 
vt 39.9953 -12.9427 
vt 39.9917 -12.9527 
vt 40 -12.9427 
vt 40.0042 -12.9527 
vt 40.0024 -12.9427 
vt 40 -12.9527 
vt 40 -12.9427 
vt 39.9958 -12.9527 
vt 40 -12.9527 
vt 39.9976 -12.9427 
vt 40.0288 -12.9618 
vt 40.0578 -13.0608 
vt 40.0385 -13.0037 
vt 40.0574 -13.0625 
vt 40.0578 -13.0608 
vt 40.0454 -13.0037 
vt 40.0574 -13.0625 
vt 39.9546 -13.0037 
vt 39.9423 -13.0608 
vt 39.9426 -13.0625 
vt 39.9615 -13.0037 
vt 39.9423 -13.0608 
vt 39.9426 -13.0625 
vt 39.991 -13.0037 
vt 40.0625 -13.0608 
vt 40.0454 -13.0037 
vt 40.0621 -13.0625 
vt 40.0442 -13.0608 
vt 40.0257 -13.0037 
vt 40.0439 -13.0625 
vt 39.9743 -13.0037 
vt 39.9558 -13.0608 
vt 39.9561 -13.0625 
vt 39.9546 -13.0037 
vt 39.9375 -13.0608 
vt 39.9379 -13.0625 
vt 40.0454 -13.0037 
vt 40.0625 -13.0608 
vt 40.0458 -13.0019 
vt 39.9375 -13.0608 
vt 39.9546 -13.0037 
vt 39.9542 -13.0019 
vt 40.0257 -13.0037 
vt 40.0442 -13.0608 
vt 40.026 -13.0019 
vt 40.0385 -13.0037 
vt 40.0578 -13.0608 
vt 40.0388 -13.0019 
vt 39.9423 -13.0608 
vt 39.9615 -13.0037 
vt 39.9612 -13.0019 
vt 39.9558 -13.0608 
vt 39.9743 -13.0037 
vt 39.9741 -13.0019 
vt 40.0454 -13.0037 
vt 40.0578 -13.0608 
vt 40.0458 -13.0019 
vt 39.9423 -13.0608 
vt 39.9546 -13.0037 
vt 39.9542 -13.0019 
vt 39.9914 -12.9449 
vt 40.0024 -12.9449 
vt 40.0082 -12.9549 
vt 40.0046 -12.9449 
vt 40.0042 -12.9549 
vt 40.0152 -12.9549 
vt 39.9918 -12.9549 
vt 39.9958 -12.9549 
vt 39.9954 -12.9449 
vt 39.9918 -12.9549 
vt 39.9954 -12.9449 
vt 39.9976 -12.9449 
vt 40 -12.9549 
vt 39.9976 -12.9449 
vt 39.9958 -12.9549 
vt 39.9976 -12.9449 
vt 40 -12.9549 
vt 40 -12.9449 
vt 40 -12.9549 
vt 40.0024 -12.9449 
vt 40 -12.9449 
vt 40.0024 -12.9449 
vt 40 -12.9549 
vt 40.0042 -12.9549 
vt 40.0109 -12.964 
vt 40.0082 -12.9549 
vt 40.0159 -12.964 
vt 40.0119 -12.9549 
vt 40.0042 -12.9549 
vt 40.0109 -12.964 
vt 40.0082 -12.9549 
vt 40.0082 -12.9549 
vt 40.0109 -12.964 
vt 40.0159 -12.964 
vt 40.0109 -12.964 
vt 40.0042 -12.9549 
vt 40.0056 -12.964 
vt 39.9841 -12.964 
vt 39.9918 -12.9549 
vt 39.9881 -12.9549 
vt 39.9891 -12.964 
vt 39.9944 -12.964 
vt 39.9918 -12.9549 
vt 39.9891 -12.964 
vt 39.9958 -12.9549 
vt 40 -12.964 
vt 39.9958 -12.9549 
vt 39.9944 -12.964 
vt 40 -12.9549 
vt 40 -12.964 
vt 40.0042 -12.9549 
vt 40 -12.9549 
vt 40.0042 -12.9549 
vt 40.0056 -12.964 
vt 40.0042 -12.9398 
vt 39.9972 -12.9398 
vt 40.0071 -12.978 
vt 39.9799 -12.978 
vt 39.9798 -12.964 
vt 39.9744 -12.978 
vt 39.9841 -12.964 
vt 40.0071 -12.978 
vt 40.0109 -12.964 
vt 40.0056 -12.964 
vt 40.0139 -12.978 
vt 40.0139 -12.978 
vt 40.0159 -12.964 
vt 40.0109 -12.964 
vt 40.0139 -12.978 
vt 40.0201 -12.978 
vt 40.0201 -12.978 
vt 40.0202 -12.964 
vt 40.0159 -12.964 
vt 40.0256 -12.978 
vt 40.0301 -12.978 
vt 39.9799 -12.978 
vt 39.9891 -12.964 
vt 39.9841 -12.964 
vt 39.9861 -12.978 
vt 39.9929 -12.978 
vt 39.9891 -12.964 
vt 39.9861 -12.978 
vt 39.9929 -12.978 
vt 39.9944 -12.964 
vt 39.9929 -12.978 
vt 40 -12.964 
vt 39.9944 -12.964 
vt 40 -12.978 
vt 40.0071 -12.978 
vt 40 -12.964 
vt 40 -12.978 
vt 40.0056 -12.964 
vt 40.0177 -13.0037 
vt 40.0328 -13.0037 
vt 40.0177 -13.0037 
vt 40.0201 -12.978 
vt 40.0139 -12.978 
vt 40.0257 -13.0037 
vt 40.0201 -12.978 
vt 40.0257 -13.0037 
vt 40.0328 -13.0037 
vt 40.0256 -12.978 
vt 39.9672 -13.0037 
vt 39.9672 -13.0037 
vt 39.9799 -12.978 
vt 39.9744 -12.978 
vt 39.9743 -13.0037 
vt 39.9823 -13.0037 
vt 39.9799 -12.978 
vt 39.9743 -13.0037 
vt 39.9861 -12.978 
vt 40 -13.0037 
vt 40.0071 -12.978 
vt 40.0177 -13.0037 
vt 40.0139 -12.978 
vt 40.009 -13.0037 
vt 40.0238 -13.0625 
vt 40.0071 -12.978 
vt 39.9823 -13.0037 
vt 39.9762 -13.0625 
vt 39.991 -13.0037 
vt 39.9929 -12.978 
vt 39.9861 -12.978 
vt 40 -13.0037 
vt 39.9929 -12.978 
vt 39.991 -13.0037 
vt 40 -13.0625 
vt 39.9929 -12.978 
vt 40 -12.978 
vt 40 -13.0037 
vt 40 -13.0625 
vt 40.009 -13.0037 
vt 40.0071 -12.978 
vt 40 -12.978 
vt 40.0257 -13.0037 
vt 40.0439 -13.0625 
vt 40.0328 -13.0037 
vt 39.9672 -13.0037 
vt 39.9561 -13.0625 
vt 39.9743 -13.0037 
vt 39.9743 -13.0037 
vt 39.9762 -13.0625 
vt 39.9823 -13.0037 
vt 40.0177 -13.0037 
vt 40.0238 -13.0625 
vt 40.0257 -13.0037 
vt 40.033 -13.033 
vt 40.0365 -13 
vt 40 -13.0365 
vt 40.0036 -13.0036 
vt 39.9887 -13.0047 
vt 39.9913 -13.0087 
vt 40.0024 -13.012 
vt 40.0102 -13.0068 
vt 40.0047 -12.9887 
vt 40.0024 -12.988 
vt 40.0102 -12.9932 
vt 39.9887 -12.9953 
vt 39.9964 -12.9964 
vt 39.9913 -12.9913 
vt 39.9932 -12.9898 
vt 39.9953 -12.9887 
vt 40.0239 -13.016 
vt 40.0282 -13.0056 
vt 40.0239 -12.984 
vt 40.0203 -12.9797 
vt 40.016 -12.9761 
vt 40.0056 -12.9718 
vt 40.0203 -13.0203 
vt 39.984 -13.0239 
vt 39.9734 -13.011 
vt 39.9718 -13.0056 
vt 40 -12.9712 
vt 39.9944 -12.9718 
vt 39.9734 -12.989 
vt 39.9718 -12.9944 
vt 39.989 -12.9734 
vt 39.9797 -12.9797 
vt 39.9761 -12.984 
vt 40.0056 -13.0282 
vt 40.0212 -13.0042 
vt 40.02 -12.9917 
vt 40.0153 -12.9847 
vt 39.9847 -12.9847 
vt 39.9958 -13.0212 
vt 39.9917 -13.0199 
vt 40.0042 -13.0212 
vt 40.0153 -13.0153 
vt 39.9847 -13.0153 
vt 39.988 -13.0024 
vt 39.9712 -13 
vt 40.0212 -12.9958 
vt 39.9881 -12.9976 
vt 39.995 -12.999 
vt 39.9953 -12.9981 
vt 39.9888 -12.9954 
vt 39.9949 -13 
vt 39.9881 -13.0024 
vt 39.995 -13.001 
vt 39.9879 -13 
vt 39.9881 -13.0024 
vt 39.9953 -13.0019 
vt 39.9888 -13.0046 
vt 39.995 -13.001 
vt 39.979 -13.0042 
vt 39.9802 -13.0082 
vt 39.9802 -12.9918 
vt 40.0237 -13.0159 
vt 40.0152 -13.0152 
vt 40.0202 -13.0202 
vt 40.0178 -13.0119 
vt 40.0112 -13.0046 
vt 40.0101 -13.0067 
vt 40.0178 -13.0119 
vt 40.0198 -13.0082 
vt 40.0121 -13 
vt 40.0051 -13 
vt 40.0119 -13.0024 
vt 40.0119 -12.9976 
vt 40.0119 -13.0024 
vt 40.005 -13.001 
vt 40.005 -12.999 
vt 40.0047 -12.9981 
vt 40.0112 -12.9954 
vt 40.0047 -13.0019 
vt 40.0112 -13.0046 
vt 40.005 -13.001 
vt 40.0119 -13.0178 
vt 40.0046 -13.0112 
vt 40.0082 -13.0198 
vt 40.0067 -13.0101 
vt 40.0086 -13.0086 
vt 40.0119 -13.0178 
vt 40.0152 -13.0152 
vt 40.0119 -13.0178 
vt 40.0086 -13.0086 
vt 40.0067 -13.0101 
vt 40.0178 -13.0119 
vt 40.0086 -13.0086 
vt 40.0152 -13.0152 
vt 40.0101 -13.0067 
vt 40.0112 -12.9954 
vt 40.0198 -12.9918 
vt 40.0178 -12.9881 
vt 40.0101 -12.9933 
vt 39.9918 -12.9802 
vt 39.9954 -12.9888 
vt 39.9881 -12.9822 
vt 39.9933 -12.9899 
vt 39.9918 -12.9802 
vt 39.9881 -12.9822 
vt 39.9914 -12.9914 
vt 39.9933 -12.9899 
vt 39.9822 -12.9881 
vt 39.9899 -12.9933 
vt 39.9914 -12.9914 
vt 39.9848 -12.9848 
vt 39.9822 -12.9881 
vt 39.9888 -12.9954 
vt 39.9899 -12.9933 
vt 39.9802 -12.9918 
vt 39.9914 -12.9914 
vt 39.9881 -12.9822 
vt 39.9848 -12.9848 
vt 39.9954 -13.0112 
vt 39.9881 -13.0178 
vt 39.9918 -13.0198 
vt 39.9933 -13.0101 
vt 39.9822 -13.0119 
vt 39.9888 -13.0046 
vt 39.9802 -13.0082 
vt 39.9822 -13.0119 
vt 39.9899 -13.0067 
vt 39.9914 -13.0086 
vt 39.9848 -13.0152 
vt 39.9881 -13.0178 
vt 39.9914 -13.0086 
vt 39.9822 -13.0119 
vt 39.9848 -13.0152 
vt 39.9899 -13.0067 
vt 39.9914 -13.0086 
vt 39.9881 -13.0178 
vt 39.9933 -13.0101 
vt 40.0178 -12.9881 
vt 40.0086 -12.9914 
vt 40.0101 -12.9933 
vt 40.0152 -12.9848 
vt 40.0119 -12.9822 
vt 40.0067 -12.9899 
vt 40.0086 -12.9914 
vt 40.0119 -12.9822 
vt 40.0086 -12.9914 
vt 40.0152 -12.9848 
vt 40.0119 -12.9822 
vt 40.0046 -12.9888 
vt 40.0067 -12.9899 
vt 40.0082 -12.9802 
vt 40.0042 -12.979 
vt 40.0152 -13.0152 
vt 40.0159 -13.0237 
vt 40.0202 -13.0202 
vt 40.0119 -13.0178 
vt 39.9848 -12.9848 
vt 39.9798 -12.9798 
vt 39.9763 -12.9841 
vt 39.9822 -12.9881 
vt 39.9848 -13.0152 
vt 39.9763 -13.0159 
vt 39.9798 -13.0202 
vt 39.9822 -13.0119 
vt 39.9841 -13.0237 
vt 39.9848 -13.0152 
vt 39.9798 -13.0202 
vt 39.9881 -13.0178 
vt 39.9841 -12.9763 
vt 39.9848 -12.9848 
vt 39.9881 -12.9822 
vt 39.9798 -12.9798 
vt 40.0237 -12.9841 
vt 40.0152 -12.9848 
vt 40.0178 -12.9881 
vt 40.0202 -12.9798 
vt 40.0159 -12.9763 
vt 40.0119 -12.9822 
vt 40.0152 -12.9848 
vt 40.0202 -12.9798 
vt 39.9972 -13.0042 
vt 39.9954 -13.0112 
vt 39.9981 -13.0047 
vt 39.9972 -13.0042 
vt 39.9933 -13.0101 
vt 39.9981 -13.0047 
vt 39.9954 -13.0112 
vt 39.9976 -13.0119 
vt 39.999 -13.0049 
vt 40 -13.005 
vt 39.9976 -13.0119 
vt 40 -13.0121 
vt 39.9976 -13.0119 
vt 39.999 -13.0049 
vt 40 -13.005 
vt 40 -13.0121 
vt 40.0024 -13.0119 
vt 40.0024 -13.0119 
vt 40.001 -13.0049 
vt 40.0024 -13.0119 
vt 40.0019 -13.0047 
vt 40.001 -13.0049 
vt 40.0046 -13.0112 
vt 40.0028 -13.0042 
vt 40.0046 -13.0112 
vt 40.0067 -13.0101 
vt 40.0028 -13.0042 
vt 40.0019 -13.0047 
vt 40.0036 -13.0036 
vt 40.0067 -13.0101 
vt 40.0086 -13.0086 
vt 40.0067 -13.0101 
vt 40.0036 -13.0036 
vt 40.0028 -13.0042 
vt 40.0101 -13.0067 
vt 40.0036 -13.0036 
vt 40.0086 -13.0086 
vt 40.0042 -13.0028 
vt 40.0112 -13.0046 
vt 40.0042 -13.0028 
vt 40.0101 -13.0067 
vt 40.0047 -13.0019 
vt 40.0042 -12.9972 
vt 40.0112 -12.9954 
vt 40.0101 -12.9933 
vt 40.0047 -12.9981 
vt 39.9981 -12.9953 
vt 39.9976 -12.9881 
vt 39.9954 -12.9888 
vt 39.999 -12.995 
vt 39.9888 -12.9954 
vt 39.9953 -12.9981 
vt 39.9958 -12.9972 
vt 39.9899 -12.9933 
vt 39.9954 -12.9888 
vt 39.9972 -12.9958 
vt 39.9981 -12.9953 
vt 39.9954 -12.9888 
vt 39.9933 -12.9899 
vt 39.9933 -12.9899 
vt 39.9964 -12.9964 
vt 39.9972 -12.9958 
vt 39.9914 -12.9914 
vt 39.9899 -12.9933 
vt 39.9958 -12.9972 
vt 39.9964 -12.9964 
vt 39.9914 -12.9914 
vt 39.9964 -13.0036 
vt 39.9914 -13.0086 
vt 39.9933 -13.0101 
vt 39.9964 -13.0036 
vt 39.9899 -13.0067 
vt 39.9914 -13.0086 
vt 39.9958 -13.0028 
vt 39.9964 -13.0036 
vt 39.9933 -13.0101 
vt 39.9972 -13.0042 
vt 39.9958 -13.0028 
vt 39.9888 -13.0046 
vt 39.9899 -13.0067 
vt 39.9953 -13.0019 
vt 40.0101 -12.9933 
vt 40.0036 -12.9964 
vt 40.0042 -12.9972 
vt 40.0086 -12.9914 
vt 40.0067 -12.9899 
vt 40.0036 -12.9964 
vt 40.0086 -12.9914 
vt 40.0028 -12.9958 
vt 40.0036 -12.9964 
vt 40.0046 -12.9888 
vt 40.0028 -12.9958 
vt 40.0067 -12.9899 
vt 40.0046 -12.9888 
vt 40.0019 -12.9953 
vt 40.0024 -12.9881 
vt 40.0019 -12.9953 
vt 40.0046 -12.9888 
vt 40.001 -12.995 
vt 40 -12.9949 
vt 40.0024 -12.9881 
vt 40 -12.9879 
vt 40.0024 -12.9881 
vt 40.001 -12.995 
vt 39.9976 -12.9881 
vt 40 -12.9949 
vt 40 -12.9879 
vt 39.9976 -12.9881 
vt 39.999 -12.995 
vt 39.9981 -13.0047 
vt 39.9953 -13.0019 
vt 39.9972 -13.0042 
vt 39.9981 -13.0047 
vt 39.995 -12.999 
vt 39.9953 -13.0019 
vt 39.9972 -13.0042 
vt 39.9958 -13.0028 
vt 39.999 -13.0049 
vt 40.001 -13.0049 
vt 40 -13.005 
vt 40.0019 -13.0047 
vt 40.0047 -13.0019 
vt 40.0028 -13.0042 
vt 40.0042 -13.0028 
vt 39.9953 -12.9981 
vt 40.0047 -12.9981 
vt 40.001 -12.995 
vt 40.0019 -12.9953 
vt 39.9981 -12.9953 
vt 39.9958 -12.9972 
vt 39.999 -12.995 
vt 40 -12.9949 
vt 39.9972 -12.9958 
vt 39.9964 -12.9964 
vt 40.0042 -13.0028 
vt 40.0028 -13.0042 
vt 40.0036 -13.0036 
vt 40.0047 -13.0019 
vt 40.0019 -13.0047 
vt 40.0028 -13.0042 
vt 40.0047 -12.9981 
vt 40.005 -12.999 
vt 40.005 -12.999 
vt 40.005 -13.001 
vt 40.0051 -13 
vt 40.005 -12.999 
vt 40.0047 -13.0019 
vt 40.005 -13.001 
vt 39.995 -12.999 
vt 39.999 -13.0049 
vt 39.9953 -12.9981 
vt 39.9958 -12.9972 
vt 39.9981 -12.9953 
vt 39.9972 -12.9958 
vt 39.995 -12.999 
vt 39.995 -13.001 
vt 39.9953 -13.0019 
vt 39.995 -13.001 
vt 39.995 -12.999 
vt 39.9949 -13 
vt 39.9972 -13.0042 
vt 39.9958 -13.0028 
vt 39.9964 -13.0036 
vt 40.0028 -12.9958 
vt 40.0042 -12.9972 
vt 40.0036 -12.9964 
vt 40.0028 -12.9958 
vt 40.0047 -12.9981 
vt 40.0042 -12.9972 
vt 40.0019 -12.9953 
vt 40.0047 -12.9981 
vt 40.0028 -12.9958 

usemtl Counterswing1Mtl

f 4/4/4 5/5/5 6/6/6 
f 21/21/21 22/22/22 23/23/23 
f 24/24/24 25/25/25 26/26/26 
f 27/27/27 28/28/28 29/29/29 
f 46/46/46 47/47/47 48/48/48 
f 47/47/47 46/46/46 49/49/49 
f 49/49/49 46/46/46 50/50/50 
f 51/51/51 52/52/52 53/53/53 
f 52/52/52 51/51/51 54/54/54 
f 54/54/54 51/51/51 55/55/55 
f 56/56/56 57/57/57 58/58/58 
f 59/59/59 57/57/57 56/56/56 
f 57/57/57 59/59/59 60/60/60 
f 61/61/61 62/62/62 63/63/63 
f 62/62/62 61/61/61 64/64/64 
f 64/64/64 61/61/61 65/65/65 
f 72/72/72 73/73/73 74/74/74 
f 73/73/73 72/72/72 75/75/75 
f 77/77/77 78/78/78 79/79/79 
f 80/80/80 77/77/77 79/79/79 
f 81/81/81 82/82/82 83/83/83 
f 82/82/82 81/81/81 84/84/84 
f 87/87/87 88/88/88 89/89/89 
f 90/90/90 88/88/88 87/87/87 
f 106/106/106 107/107/107 108/108/108 
f 109/109/109 107/107/107 110/110/110 
f 111/111/111 112/112/112 113/113/113 
f 112/112/112 111/111/111 114/114/114 
f 115/115/115 116/116/116 117/117/117 
f 116/116/116 115/115/115 118/118/118 
f 120/120/120 121/121/121 122/122/122 
f 121/121/121 120/120/120 123/123/123 
f 125/125/125 126/126/126 127/127/127 
f 127/127/127 128/128/128 125/125/125 
f 129/129/129 130/130/130 131/131/131 
f 130/130/130 129/129/129 132/132/132 
f 137/137/137 138/138/138 139/139/139 
f 140/140/140 137/137/137 141/141/141 
f 148/148/148 149/149/149 150/150/150 
f 149/149/149 148/148/148 151/151/151 
f 154/154/154 153/153/153 155/155/155 
f 156/156/156 157/157/157 154/154/154 
f 157/157/157 156/156/156 158/158/158 
f 153/153/153 154/154/154 159/159/159 
f 160/160/160 153/153/153 159/159/159 
f 153/153/153 160/160/160 161/161/161 
f 160/160/160 162/162/162 161/161/161 
f 162/162/162 160/160/160 163/163/163 
f 164/164/164 159/159/159 165/165/165 
f 164/164/164 166/166/166 167/167/167 
f 166/166/166 164/164/164 168/168/168 
f 159/159/159 164/164/164 169/169/169 
f 169/169/169 170/170/170 159/159/159 
f 170/170/170 169/169/169 171/171/171 
f 172/172/172 171/171/171 173/173/173 
f 171/171/171 172/172/172 174/174/174 
f 175/175/175 169/169/169 176/176/176 
f 169/169/169 175/175/175 177/177/177 
f 177/177/177 178/178/178 169/169/169 
f 178/178/178 177/177/177 179/179/179 
f 186/186/186 187/187/187 188/188/188 
f 189/189/189 190/190/190 191/191/191 
f 192/192/192 193/193/193 194/194/194 
f 195/195/195 196/196/196 197/197/197 
f 198/198/198 199/199/199 200/200/200 
f 201/201/201 202/202/202 203/203/203 
f 204/204/204 205/205/205 206/206/206 
f 207/207/207 208/208/208 209/209/209 
f 210/210/210 211/211/211 212/212/212 
f 213/213/213 214/214/214 215/215/215 
f 216/216/216 217/217/217 218/218/218 
f 219/219/219 220/220/220 221/221/221 
f 222/222/222 223/223/223 224/224/224 
f 225/225/225 226/226/226 227/227/227 
f 228/228/228 229/229/229 230/230/230 
f 231/231/231 232/232/232 233/233/233 
f 237/237/237 238/238/238 239/239/239 
f 238/238/238 237/237/237 240/240/240 
f 241/241/241 240/240/240 242/242/242 
f 241/241/241 242/242/242 243/243/243 
f 242/242/242 244/244/244 243/243/243 
f 244/244/244 242/242/242 245/245/245 
f 246/246/246 245/245/245 247/247/247 
f 245/245/245 246/246/246 248/248/248 
f 251/251/251 252/252/252 253/253/253 
f 254/254/254 251/251/251 255/255/255 
f 255/255/255 242/242/242 254/254/254 
f 242/242/242 255/255/255 256/256/256 
f 242/242/242 256/256/256 257/257/257 
f 242/242/242 257/257/257 258/258/258 
f 257/257/257 259/259/259 258/258/258 
f 259/259/259 257/257/257 260/260/260 
f 261/261/261 256/256/256 262/262/262 
f 256/256/256 261/261/261 263/263/263 
f 256/256/256 263/263/263 264/264/264 
f 256/256/256 264/264/264 265/265/265 
f 267/267/267 268/268/268 269/269/269 
f 268/268/268 270/270/270 271/271/271 
f 272/272/272 273/273/273 274/274/274 
f 275/275/275 276/276/276 274/274/274 
f 279/279/279 280/280/280 281/281/281 
f 280/280/280 279/279/279 282/282/282 
f 283/283/283 284/284/284 285/285/285 
f 284/284/284 283/283/283 286/286/286 
f 287/287/287 288/288/288 289/289/289 
f 288/288/288 287/287/287 290/290/290 
f 291/291/291 292/292/292 293/293/293 
f 292/292/292 291/291/291 294/294/294 
f 295/295/295 296/296/296 297/297/297 
f 296/296/296 295/295/295 298/298/298 
f 299/299/299 300/300/300 301/301/301 
f 300/300/300 299/299/299 302/302/302 
f 305/305/305 306/306/306 307/307/307 
f 306/306/306 305/305/305 308/308/308 
f 309/309/309 310/310/310 311/311/311 
f 310/310/310 309/309/309 312/312/312 
f 314/314/314 315/315/315 316/316/316 
f 315/315/315 314/314/314 317/317/317 
f 320/320/320 321/321/321 322/322/322 
f 323/323/323 320/320/320 322/322/322 
f 325/325/325 326/326/326 327/327/327 
f 328/328/328 325/325/325 327/327/327 
f 325/325/325 328/328/328 329/329/329 
f 330/330/330 331/331/331 332/332/332 
f 333/333/333 334/334/334 331/331/331 
f 335/335/335 333/333/333 331/331/331 
f 336/336/336 337/337/337 338/338/338 
f 339/339/339 336/336/336 338/338/338 
f 336/336/336 339/339/339 340/340/340 
f 341/341/341 342/342/342 343/343/343 
f 342/342/342 344/344/344 343/343/343 
f 343/343/343 345/345/345 346/346/346 
f 347/347/347 348/348/348 349/349/349 
f 350/350/350 351/351/351 352/352/352 
f 353/353/353 354/354/354 355/355/355 
f 356/356/356 357/357/357 358/358/358 
f 365/365/365 366/366/366 367/367/367 
f 368/368/368 369/369/369 370/370/370 
f 371/371/371 372/372/372 373/373/373 
f 374/374/374 375/375/375 376/376/376 
f 389/389/389 390/390/390 391/391/391 
f 392/392/392 390/390/390 389/389/389 
f 390/390/390 392/392/392 393/393/393 
f 394/394/394 395/395/395 396/396/396 
f 396/396/396 395/395/395 397/397/397 
f 395/395/395 394/394/394 398/398/398 
f 399/399/399 400/400/400 401/401/401 
f 399/399/399 402/402/402 400/400/400 
f 402/402/402 399/399/399 403/403/403 
f 404/404/404 405/405/405 406/406/406 
f 407/407/407 405/405/405 404/404/404 
f 407/407/407 404/404/404 408/408/408 
f 430/430/430 431/431/431 432/432/432 
f 431/431/431 430/430/430 433/433/433 
f 434/434/434 435/435/435 436/436/436 
f 435/435/435 434/434/434 437/437/437 
f 439/439/439 440/440/440 441/441/441 
f 440/440/440 439/439/439 442/442/442 
f 443/443/443 444/444/444 445/445/445 
f 444/444/444 443/443/443 446/446/446 
f 465/465/465 466/466/466 467/467/467 
f 466/466/466 465/465/465 468/468/468 
f 469/469/469 470/470/470 471/471/471 
f 470/470/470 469/469/469 472/472/472 
f 473/473/473 474/474/474 475/475/475 
f 474/474/474 473/473/473 476/476/476 
f 481/481/481 482/482/482 483/483/483 
f 482/482/482 481/481/481 484/484/484 
f 485/485/485 486/486/486 487/487/487 
f 487/487/487 486/486/486 488/488/488 
f 489/489/489 490/490/490 491/491/491 
f 492/492/492 490/490/490 489/489/489 
f 493/493/493 494/494/494 495/495/495 
f 496/496/496 493/493/493 497/497/497 
f 498/498/498 499/499/499 500/500/500 
f 499/499/499 498/498/498 501/501/501 
f 507/507/507 508/508/508 509/509/509 
f 510/510/510 507/507/507 511/511/511 
f 512/512/512 513/513/513 514/514/514 
f 515/515/515 516/516/516 517/517/517 
f 516/516/516 515/515/515 518/518/518 
f 519/519/519 520/520/520 521/521/521 
f 522/522/522 523/523/523 524/524/524 
f 523/523/523 525/525/525 526/526/526 
f 527/527/527 528/528/528 529/529/529 
f 530/530/530 528/528/528 527/527/527 
f 531/531/531 532/532/532 533/533/533 
f 534/534/534 532/532/532 531/531/531 
f 541/541/541 542/542/542 543/543/543 
f 542/542/542 541/541/541 544/544/544 
f 545/545/545 546/546/546 547/547/547 
f 546/546/546 548/548/548 549/549/549 
f 550/550/550 551/551/551 552/552/552 
f 551/551/551 553/553/553 554/554/554 
f 555/555/555 556/556/556 557/557/557 
f 558/558/558 556/556/556 555/555/555 
f 564/564/564 565/565/565 566/566/566 
f 568/568/568 569/569/569 570/570/570 
f 571/571/571 572/572/572 573/573/573 
f 574/574/574 575/575/575 576/576/576 
f 577/577/577 578/578/578 579/579/579 
f 580/580/580 581/581/581 582/582/582 
f 583/583/583 584/584/584 585/585/585 
f 586/586/586 587/587/587 588/588/588 
f 589/589/589 590/590/590 591/591/591 
f 592/592/592 593/593/593 594/594/594 
f 595/595/595 596/596/596 597/597/597 
f 598/598/598 599/599/599 600/600/600 
f 601/601/601 602/602/602 603/603/603 
f 604/604/604 605/605/605 606/606/606 
f 607/607/607 608/608/608 609/609/609 
f 610/610/610 611/611/611 612/612/612 
f 614/614/614 615/615/615 616/616/616 
f 616/616/616 617/617/617 614/614/614 
f 618/618/618 619/619/619 620/620/620 
f 620/620/620 621/621/621 622/622/622 
f 623/623/623 624/624/624 625/625/625 
f 626/626/626 623/623/623 627/627/627 
f 628/628/628 629/629/629 630/630/630 
f 629/629/629 628/628/628 631/631/631 
f 637/637/637 638/638/638 639/639/639 
f 640/640/640 637/637/637 639/639/639 
f 641/641/641 642/642/642 643/643/643 
f 642/642/642 641/641/641 644/644/644 
f 645/645/645 646/646/646 647/647/647 
f 646/646/646 645/645/645 648/648/648 
f 649/649/649 650/650/650 651/651/651 
f 651/651/651 652/652/652 649/649/649 
f 653/653/653 654/654/654 655/655/655 
f 654/654/654 653/653/653 656/656/656 
f 657/657/657 658/658/658 659/659/659 
f 660/660/660 661/661/661 662/662/662 
f 667/667/667 668/668/668 669/669/669 
f 670/670/670 667/667/667 669/669/669 
f 671/671/671 672/672/672 673/673/673 
f 672/672/672 674/674/674 675/675/675 
f 676/676/676 677/677/677 678/678/678 
f 677/677/677 676/676/676 679/679/679 
f 680/680/680 681/681/681 682/682/682 
f 681/681/681 680/680/680 683/683/683 
f 684/684/684 685/685/685 686/686/686 
f 685/685/685 684/684/684 687/687/687 
f 688/688/688 689/689/689 690/690/690 
f 690/690/690 691/691/691 688/688/688 
f 692/692/692 693/693/693 694/694/694 
f 693/693/693 692/692/692 695/695/695 
f 696/696/696 697/697/697 698/698/698 
f 697/697/697 696/696/696 699/699/699 
f 702/702/702 703/703/703 704/704/704 
f 703/703/703 702/702/702 705/705/705 
f 706/706/706 707/707/707 708/708/708 
f 707/707/707 706/706/706 709/709/709 
f 710/710/710 711/711/711 712/712/712 
f 710/710/710 713/713/713 714/714/714 
f 715/715/715 716/716/716 717/717/717 
f 716/716/716 715/715/715 718/718/718 
f 721/721/721 722/722/722 723/723/723 
f 724/724/724 725/725/725 721/721/721 
f 721/721/721 726/726/726 724/724/724 
f 727/727/727 728/728/728 729/729/729 
f 729/729/729 728/728/728 730/730/730 
f 728/728/728 731/731/731 730/730/730 
f 732/732/732 733/733/733 734/734/734 
f 735/735/735 733/733/733 732/732/732 
f 733/733/733 736/736/736 737/737/737 
f 738/738/738 739/739/739 740/740/740 
f 739/739/739 741/741/741 740/740/740 
f 739/739/739 738/738/738 742/742/742 
f 743/743/743 744/744/744 745/745/745 
f 746/746/746 747/747/747 748/748/748 
f 749/749/749 750/750/750 751/751/751 
f 752/752/752 753/753/753 754/754/754 
f 758/758/758 759/759/759 760/760/760 
f 761/761/761 762/762/762 763/763/763 
f 764/764/764 765/765/765 766/766/766 
f 767/767/767 768/768/768 769/769/769 
f 770/770/770 771/771/771 772/772/772 
f 773/773/773 774/774/774 775/775/775 
f 776/776/776 777/777/777 778/778/778 
f 779/779/779 780/780/780 781/781/781 
f 779/779/779 782/782/782 783/783/783 
f 781/781/781 784/784/784 785/785/785 
f 786/786/786 784/784/784 787/787/787 
f 788/788/788 789/789/789 790/790/790 
f 791/791/791 792/792/792 793/793/793 
f 794/794/794 795/795/795 796/796/796 
f 797/797/797 798/798/798 799/799/799 
f 800/800/800 801/801/801 802/802/802 
f 803/803/803 804/804/804 805/805/805 
f 804/804/804 806/806/806 807/807/807 
f 808/808/808 809/809/809 810/810/810 
f 810/810/810 809/809/809 811/811/811 
f 812/812/812 813/813/813 814/814/814 
f 815/815/815 816/816/816 813/813/813 
f 817/817/817 818/818/818 819/819/819 
f 818/818/818 817/817/817 820/820/820 
f 821/821/821 822/822/822 823/823/823 
f 824/824/824 823/823/823 822/822/822 
f 825/825/825 826/826/826 827/827/827 
f 828/828/828 825/825/825 827/827/827 
f 829/829/829 830/830/830 831/831/831 
f 830/830/830 829/829/829 832/832/832 
f 833/833/833 834/834/834 835/835/835 
f 836/836/836 837/837/837 838/838/838 
f 839/839/839 840/840/840 841/841/841 
f 840/840/840 839/839/839 842/842/842 
f 843/843/843 844/844/844 845/845/845 
f 846/846/846 843/843/843 847/847/847 
f 848/848/848 849/849/849 850/850/850 
f 849/849/849 848/848/848 851/851/851 
f 852/852/852 853/853/853 854/854/854 
f 854/854/854 853/853/853 855/855/855 
f 856/856/856 857/857/857 858/858/858 
f 857/857/857 856/856/856 859/859/859 
f 860/860/860 861/861/861 862/862/862 
f 863/863/863 860/860/860 864/864/864 
f 865/865/865 866/866/866 867/867/867 
f 866/866/866 865/865/865 868/868/868 
f 869/869/869 870/870/870 871/871/871 
f 870/870/870 869/869/869 872/872/872 
f 873/873/873 874/874/874 875/875/875 
f 874/874/874 873/873/873 876/876/876 
f 877/877/877 878/878/878 879/879/879 
f 880/880/880 881/881/881 882/882/882 
f 883/883/883 884/884/884 885/885/885 
f 886/886/886 887/887/887 888/888/888 
f 887/887/887 889/889/889 888/888/888 
f 890/890/890 891/891/891 892/892/892 
f 893/893/893 894/894/894 895/895/895 
f 894/894/894 896/896/896 895/895/895 
f 897/897/897 898/898/898 899/899/899 
f 900/900/900 899/899/899 898/898/898 
f 901/901/901 902/902/902 903/903/903 
f 904/904/904 903/903/903 902/902/902 
f 905/905/905 906/906/906 907/907/907 
f 908/908/908 909/909/909 910/910/910 
f 927/927/927 928/928/928 926/926/926 
f 929/929/929 926/926/926 928/928/928 
f 930/930/930 926/926/926 929/929/929 
f 926/926/926 930/930/930 931/931/931 
f 931/931/931 932/932/932 933/933/933 
f 932/932/932 931/931/931 934/934/934 
f 935/935/935 936/936/936 927/927/927 
f 936/936/936 935/935/935 937/937/937 
f 929/929/929 938/938/938 939/939/939 
f 938/938/938 940/940/940 941/941/941 
f 940/940/940 938/938/938 942/942/942 
f 943/943/943 942/942/942 944/944/944 
f 938/938/938 945/945/945 942/942/942 
f 938/938/938 946/946/946 945/945/945 
f 947/947/947 945/945/945 946/946/946 
f 947/947/947 948/948/948 945/945/945 
f 949/949/949 950/950/950 948/948/948 
f 951/951/951 947/947/947 952/952/952 
f 953/953/953 954/954/954 945/945/945 
f 942/942/942 955/955/955 954/954/954 
f 942/942/942 954/954/954 956/956/956 
f 956/956/956 957/957/957 958/958/958 
f 961/961/961 962/962/962 963/963/963 
f 962/962/962 964/964/964 965/965/965 
f 966/966/966 967/967/967 968/968/968 
f 967/967/967 966/966/966 969/969/969 
f 970/970/970 971/971/971 972/972/972 
f 971/971/971 970/970/970 973/973/973 
f 977/977/977 978/978/978 979/979/979 
f 978/978/978 977/977/977 980/980/980 
f 982/982/982 983/983/983 984/984/984 
f 983/983/983 982/982/982 985/985/985 
f 986/986/986 987/987/987 988/988/988 
f 988/988/988 987/987/987 989/989/989 
f 990/990/990 991/991/991 992/992/992 
f 993/993/993 991/991/991 990/990/990 
f 994/994/994 995/995/995 996/996/996 
f 997/997/997 994/994/994 998/998/998 
f 999/999/999 1000/1000/1000 1001/1001/1001 
f 1002/1002/1002 1001/1001/1001 1003/1003/1003 
f 1004/1004/1004 1005/1005/1005 1006/1006/1006 
f 1005/1005/1005 1004/1004/1004 1007/1007/1007 
f 1008/1008/1008 1009/1009/1009 1010/1010/1010 
f 1009/1009/1009 1008/1008/1008 1011/1011/1011 
f 1012/1012/1012 1013/1013/1013 1014/1014/1014 
f 1013/1013/1013 1012/1012/1012 1015/1015/1015 
f 1016/1016/1016 1017/1017/1017 1018/1018/1018 
f 1017/1017/1017 1016/1016/1016 1019/1019/1019 
f 1020/1020/1020 1021/1021/1021 1022/1022/1022 
f 1021/1021/1021 1020/1020/1020 1023/1023/1023 
f 1024/1024/1024 1025/1025/1025 1026/1026/1026 
f 1025/1025/1025 1024/1024/1024 1027/1027/1027 
f 1028/1028/1028 1029/1029/1029 1030/1030/1030 
f 1029/1029/1029 1028/1028/1028 1031/1031/1031 
f 1032/1032/1032 1033/1033/1033 1034/1034/1034 
f 1033/1033/1033 1035/1035/1035 1034/1034/1034 
f 1036/1036/1036 1037/1037/1037 1038/1038/1038 
f 1039/1039/1039 1040/1040/1040 1041/1041/1041 
f 1040/1040/1040 1039/1039/1039 1042/1042/1042 
f 1043/1043/1043 1044/1044/1044 1045/1045/1045 
f 1046/1046/1046 1047/1047/1047 1048/1048/1048 
f 1047/1047/1047 1046/1046/1046 1049/1049/1049 
f 1050/1050/1050 1051/1051/1051 1052/1052/1052 
f 1053/1053/1053 1050/1050/1050 1054/1054/1054 
f 1055/1055/1055 1051/1051/1051 1056/1056/1056 
f 1057/1057/1057 1051/1051/1051 1055/1055/1055 
f 1051/1051/1051 1050/1050/1050 1058/1058/1058 
f 1050/1050/1050 1059/1059/1059 1058/1058/1058 
f 1060/1060/1060 1061/1061/1061 1059/1059/1059 
f 1061/1061/1061 1060/1060/1060 1062/1062/1062 
f 1064/1064/1064 1065/1065/1065 1066/1066/1066 
f 1065/1065/1065 1067/1067/1067 1068/1068/1068 
f 1064/1064/1064 1069/1069/1069 1070/1070/1070 
f 1069/1069/1069 1071/1071/1071 1070/1070/1070 
f 1072/1072/1072 1073/1073/1073 1074/1074/1074 
f 1073/1073/1073 1075/1075/1075 1076/1076/1076 
f 1077/1077/1077 1078/1078/1078 1075/1075/1075 
f 1078/1078/1078 1077/1077/1077 1079/1079/1079 
f 1080/1080/1080 1081/1081/1081 1082/1082/1082 
f 1083/1083/1083 1084/1084/1084 1085/1085/1085 
f 1091/1091/1091 1092/1092/1092 1093/1093/1093 
f 1094/1094/1094 1095/1095/1095 1096/1096/1096 
f 1111/1111/1111 1112/1112/1112 1113/1113/1113 
f 1111/1111/1111 1114/1114/1114 1112/1112/1112 
f 1114/1114/1114 1111/1111/1111 1115/1115/1115 
f 1116/1116/1116 1117/1117/1117 1118/1118/1118 
f 1117/1117/1117 1116/1116/1116 1119/1119/1119 
f 1117/1117/1117 1119/1119/1119 1120/1120/1120 
f 1121/1121/1121 1122/1122/1122 1123/1123/1123 
f 1122/1122/1122 1121/1121/1121 1124/1124/1124 
f 1122/1122/1122 1124/1124/1124 1125/1125/1125 
f 1126/1126/1126 1127/1127/1127 1128/1128/1128 
f 1127/1127/1127 1126/1126/1126 1129/1129/1129 
f 1127/1127/1127 1129/1129/1129 1130/1130/1130 
f 1144/1144/1144 1145/1145/1145 1146/1146/1146 
f 1145/1145/1145 1144/1144/1144 1147/1147/1147 
f 1148/1148/1148 1149/1149/1149 1150/1150/1150 
f 1149/1149/1149 1148/1148/1148 1151/1151/1151 
f 1154/1154/1154 1155/1155/1155 1156/1156/1156 
f 1155/1155/1155 1154/1154/1154 1157/1157/1157 
f 1159/1159/1159 1160/1160/1160 1161/1161/1161 
f 1160/1160/1160 1159/1159/1159 1162/1162/1162 
f 1173/1173/1173 1174/1174/1174 1175/1175/1175 
f 1174/1174/1174 1173/1173/1173 1176/1176/1176 
f 1177/1177/1177 1178/1178/1178 1179/1179/1179 
f 1178/1178/1178 1177/1177/1177 1180/1180/1180 
f 1181/1181/1181 1182/1182/1182 1183/1183/1183 
f 1182/1182/1182 1181/1181/1181 1184/1184/1184 
f 1185/1185/1185 1186/1186/1186 1187/1187/1187 
f 1186/1186/1186 1185/1185/1185 1188/1188/1188 
f 1189/1189/1189 1190/1190/1190 1191/1191/1191 
f 1190/1190/1190 1189/1189/1189 1192/1192/1192 
f 1194/1194/1194 1195/1195/1195 1196/1196/1196 
f 1195/1195/1195 1194/1194/1194 1197/1197/1197 
f 1207/1207/1207 1208/1208/1208 1209/1209/1209 
f 1208/1208/1208 1207/1207/1207 1210/1210/1210 
f 1211/1211/1211 1210/1210/1210 1212/1212/1212 
f 1210/1210/1210 1211/1211/1211 1213/1213/1213 
f 1214/1214/1214 1213/1213/1213 1211/1211/1211 
f 1215/1215/1215 1216/1216/1216 1217/1217/1217 
f 1216/1216/1216 1215/1215/1215 1218/1218/1218 
f 1221/1221/1221 1222/1222/1222 1223/1223/1223 
f 1222/1222/1222 1221/1221/1221 1224/1224/1224 
f 1231/1231/1231 1232/1232/1232 1233/1233/1233 
f 1232/1232/1232 1231/1231/1231 1234/1234/1234 
f 1213/1213/1213 1234/1234/1234 1235/1235/1235 
f 1234/1234/1234 1213/1213/1213 1236/1236/1236 
f 1237/1237/1237 1238/1238/1238 1213/1213/1213 
f 1238/1238/1238 1236/1236/1236 1213/1213/1213 
f 1239/1239/1239 1238/1238/1238 1240/1240/1240 
f 1238/1238/1238 1239/1239/1239 1241/1241/1241 
f 1236/1236/1236 1242/1242/1242 1243/1243/1243 
f 1242/1242/1242 1236/1236/1236 1244/1244/1244 
f 1245/1245/1245 1244/1244/1244 1236/1236/1236 
f 1246/1246/1246 1245/1245/1245 1236/1236/1236 
f 1213/1213/1213 1247/1247/1247 1248/1248/1248 
f 1249/1249/1249 1248/1248/1248 1247/1247/1247 
f 1248/1248/1248 1249/1249/1249 1250/1250/1250 
f 1251/1251/1251 1252/1252/1252 1253/1253/1253 
f 1254/1254/1254 1255/1255/1255 1256/1256/1256 
f 1257/1257/1257 1258/1258/1258 1259/1259/1259 
f 1260/1260/1260 1261/1261/1261 1262/1262/1262 
f 1263/1263/1263 1264/1264/1264 1265/1265/1265 
f 1266/1266/1266 1267/1267/1267 1268/1268/1268 
f 1270/1270/1270 1271/1271/1271 1272/1272/1272 
f 1273/1273/1273 1274/1274/1274 1275/1275/1275 
f 1276/1276/1276 1277/1277/1277 1278/1278/1278 
f 1279/1279/1279 1280/1280/1280 1281/1281/1281 
f 1282/1282/1282 1283/1283/1283 1284/1284/1284 
f 1285/1285/1285 1286/1286/1286 1287/1287/1287 
f 1288/1288/1288 1289/1289/1289 1290/1290/1290 
f 1291/1291/1291 1292/1292/1292 1293/1293/1293 
f 1294/1294/1294 1295/1295/1295 1296/1296/1296 
f 1297/1297/1297 1298/1298/1298 1299/1299/1299 
f 1300/1300/1300 1301/1301/1301 1302/1302/1302 
f 1303/1303/1303 1301/1301/1301 1304/1304/1304 
f 1301/1301/1301 1303/1303/1303 1305/1305/1305 
f 1301/1301/1301 1300/1300/1300 1306/1306/1306 
f 1307/1307/1307 1306/1306/1306 1300/1300/1300 
f 1306/1306/1306 1307/1307/1307 1308/1308/1308 
f 1308/1308/1308 1309/1309/1309 1310/1310/1310 
f 1308/1308/1308 1311/1311/1311 1309/1309/1309 
f 1306/1306/1306 1312/1312/1312 1313/1313/1313 
f 1314/1314/1314 1312/1312/1312 1315/1315/1315 
f 1312/1312/1312 1314/1314/1314 1316/1316/1316 
f 1312/1312/1312 1306/1306/1306 1317/1317/1317 
f 1318/1318/1318 1317/1317/1317 1306/1306/1306 
f 1317/1317/1317 1318/1318/1318 1319/1319/1319 
f 1319/1319/1319 1318/1318/1318 1320/1320/1320 
f 1319/1319/1319 1320/1320/1320 1321/1321/1321 
f 1317/1317/1317 1322/1322/1322 1323/1323/1323 
f 1322/1322/1322 1317/1317/1317 1324/1324/1324 
f 1317/1317/1317 1325/1325/1325 1324/1324/1324 
f 1325/1325/1325 1317/1317/1317 1326/1326/1326 
f 1330/1330/1330 1331/1331/1331 1332/1332/1332 
f 1331/1331/1331 1333/1333/1333 1334/1334/1334 
f 1335/1335/1335 1336/1336/1336 1337/1337/1337 
f 1336/1336/1336 1338/1338/1338 1339/1339/1339 
f 1343/1343/1343 1344/1344/1344 1345/1345/1345 
f 1344/1344/1344 1343/1343/1343 1346/1346/1346 
f 1347/1347/1347 1348/1348/1348 1349/1349/1349 
f 1348/1348/1348 1347/1347/1347 1350/1350/1350 
f 1351/1351/1351 1352/1352/1352 1353/1353/1353 
f 1352/1352/1352 1351/1351/1351 1354/1354/1354 
f 1356/1356/1356 1357/1357/1357 1358/1358/1358 
f 1357/1357/1357 1359/1359/1359 1358/1358/1358 
f 1360/1360/1360 1361/1361/1361 1362/1362/1362 
f 1361/1361/1361 1360/1360/1360 1363/1363/1363 
f 1364/1364/1364 1365/1365/1365 1366/1366/1366 
f 1364/1364/1364 1367/1367/1367 1365/1365/1365 
f 1371/1371/1371 1372/1372/1372 1373/1373/1373 
f 1372/1372/1372 1371/1371/1371 1374/1374/1374 
f 1375/1375/1375 1376/1376/1376 1377/1377/1377 
f 1376/1376/1376 1378/1378/1378 1377/1377/1377 
f 1379/1379/1379 1380/1380/1380 1381/1381/1381 
f 1380/1380/1380 1379/1379/1379 1382/1382/1382 
f 1383/1383/1383 1384/1384/1384 1385/1385/1385 
f 1384/1384/1384 1383/1383/1383 1386/1386/1386 
f 1388/1388/1388 1389/1389/1389 1390/1390/1390 
f 1391/1391/1391 1388/1388/1388 1390/1390/1390 
f 1388/1388/1388 1391/1391/1391 1392/1392/1392 
f 1393/1393/1393 1394/1394/1394 1395/1395/1395 
f 1394/1394/1394 1393/1393/1393 1396/1396/1396 
f 1393/1393/1393 1397/1397/1397 1396/1396/1396 
f 1398/1398/1398 1399/1399/1399 1400/1400/1400 
f 1399/1399/1399 1398/1398/1398 1401/1401/1401 
f 1401/1401/1401 1402/1402/1402 1399/1399/1399 
f 1403/1403/1403 1404/1404/1404 1405/1405/1405 
f 1405/1405/1405 1406/1406/1406 1403/1403/1403 
f 1406/1406/1406 1405/1405/1405 1407/1407/1407 
f 1409/1409/1409 1410/1410/1410 1411/1411/1411 
f 1412/1412/1412 1413/1413/1413 1414/1414/1414 
f 1415/1415/1415 1416/1416/1416 1417/1417/1417 
f 1418/1418/1418 1419/1419/1419 1420/1420/1420 
f 1436/1436/1436 1437/1437/1437 1438/1438/1438 
f 1439/1439/1439 1440/1440/1440 1441/1441/1441 
f 1442/1442/1442 1443/1443/1443 1444/1444/1444 
f 1445/1445/1445 1446/1446/1446 1447/1447/1447 
f 1462/1462/1462 1463/1463/1463 1464/1464/1464 
f 1463/1463/1463 1462/1462/1462 1465/1465/1465 
f 1463/1463/1463 1465/1465/1465 1466/1466/1466 
f 1467/1467/1467 1468/1468/1468 1469/1469/1469 
f 1468/1468/1468 1470/1470/1470 1469/1469/1469 
f 1470/1470/1470 1468/1468/1468 1471/1471/1471 
f 1476/1476/1476 1477/1477/1477 1478/1478/1478 
f 1477/1477/1477 1479/1479/1479 1478/1478/1478 
f 1479/1479/1479 1477/1477/1477 1480/1480/1480 
f 1481/1481/1481 1482/1482/1482 1483/1483/1483 
f 1484/1484/1484 1481/1481/1481 1483/1483/1483 
f 1481/1481/1481 1484/1484/1484 1485/1485/1485 
f 1492/1492/1492 1493/1493/1493 1494/1494/1494 
f 1493/1493/1493 1492/1492/1492 1495/1495/1495 
f 1496/1496/1496 1497/1497/1497 1498/1498/1498 
f 1497/1497/1497 1496/1496/1496 1499/1499/1499 
f 1500/1500/1500 1501/1501/1501 1502/1502/1502 
f 1503/1503/1503 1504/1504/1504 1502/1502/1502 
f 1505/1505/1505 1506/1506/1506 1507/1507/1507 
f 1508/1508/1508 1506/1506/1506 1505/1505/1505 
f 1523/1523/1523 1524/1524/1524 1525/1525/1525 
f 1524/1524/1524 1523/1523/1523 1526/1526/1526 
f 1527/1527/1527 1528/1528/1528 1529/1529/1529 
f 1528/1528/1528 1527/1527/1527 1530/1530/1530 
f 1531/1531/1531 1532/1532/1532 1533/1533/1533 
f 1532/1532/1532 1531/1531/1531 1534/1534/1534 
f 1535/1535/1535 1536/1536/1536 1537/1537/1537 
f 1536/1536/1536 1535/1535/1535 1538/1538/1538 
f 1543/1543/1543 1544/1544/1544 1545/1545/1545 
f 1544/1544/1544 1543/1543/1543 1546/1546/1546 
f 1547/1547/1547 1548/1548/1548 1549/1549/1549 
f 1548/1548/1548 1547/1547/1547 1550/1550/1550 
f 1551/1551/1551 1552/1552/1552 1553/1553/1553 
f 1554/1554/1554 1551/1551/1551 1553/1553/1553 
f 1555/1555/1555 1556/1556/1556 1557/1557/1557 
f 1556/1556/1556 1555/1555/1555 1558/1558/1558 
f 1563/1563/1563 1564/1564/1564 1565/1565/1565 
f 1564/1564/1564 1566/1566/1566 1565/1565/1565 
f 1567/1567/1567 1568/1568/1568 1569/1569/1569 
f 1568/1568/1568 1567/1567/1567 1570/1570/1570 
f 1571/1571/1571 1572/1572/1572 1573/1573/1573 
f 1572/1572/1572 1571/1571/1571 1574/1574/1574 
f 1575/1575/1575 1576/1576/1576 1577/1577/1577 
f 1576/1576/1576 1575/1575/1575 1578/1578/1578 
f 1579/1579/1579 1580/1580/1580 1581/1581/1581 
f 1582/1582/1582 1583/1583/1583 1584/1584/1584 
f 1586/1586/1586 1587/1587/1587 1588/1588/1588 
f 1589/1589/1589 1590/1590/1590 1591/1591/1591 
f 1593/1593/1593 1594/1594/1594 1595/1595/1595 
f 1596/1596/1596 1593/1593/1593 1597/1597/1597 
f 1598/1598/1598 1599/1599/1599 1600/1600/1600 
f 1599/1599/1599 1601/1601/1601 1602/1602/1602 
f 1603/1603/1603 1604/1604/1604 1605/1605/1605 
f 1604/1604/1604 1603/1603/1603 1606/1606/1606 
f 1607/1607/1607 1608/1608/1608 1609/1609/1609 
f 1610/1610/1610 1608/1608/1608 1607/1607/1607 
f 1612/1612/1612 1613/1613/1613 1614/1614/1614 
f 1615/1615/1615 1616/1616/1616 1617/1617/1617 
f 1618/1618/1618 1619/1619/1619 1620/1620/1620 
f 1621/1621/1621 1622/1622/1622 1623/1623/1623 
f 1625/1625/1625 1626/1626/1626 1627/1627/1627 
f 1628/1628/1628 1629/1629/1629 1630/1630/1630 
f 1631/1631/1631 1632/1632/1632 1633/1633/1633 
f 1634/1634/1634 1635/1635/1635 1636/1636/1636 
f 1637/1637/1637 1638/1638/1638 1639/1639/1639 
f 1640/1640/1640 1641/1641/1641 1642/1642/1642 
f 1643/1643/1643 1644/1644/1644 1645/1645/1645 
f 1646/1646/1646 1647/1647/1647 1648/1648/1648 
f 1649/1649/1649 1650/1650/1650 1651/1651/1651 
f 1652/1652/1652 1653/1653/1653 1654/1654/1654 
f 1655/1655/1655 1656/1656/1656 1657/1657/1657 
f 1658/1658/1658 1659/1659/1659 1660/1660/1660 
f 1662/1662/1662 1663/1663/1663 1664/1664/1664 
f 1663/1663/1663 1662/1662/1662 1665/1665/1665 
f 1668/1668/1668 1669/1669/1669 1670/1670/1670 
f 1671/1671/1671 1668/1668/1668 1672/1672/1672 
f 1673/1673/1673 1674/1674/1674 1675/1675/1675 
f 1676/1676/1676 1677/1677/1677 1678/1678/1678 
f 1679/1679/1679 1680/1680/1680 1681/1681/1681 
f 1682/1682/1682 1683/1683/1683 1684/1684/1684 
f 1686/1686/1686 1687/1687/1687 1688/1688/1688 
f 1689/1689/1689 1690/1690/1690 1691/1691/1691 
f 1692/1692/1692 1693/1693/1693 1694/1694/1694 
f 1695/1695/1695 1696/1696/1696 1697/1697/1697 
f 1698/1698/1698 1699/1699/1699 1700/1700/1700 
f 1699/1699/1699 1698/1698/1698 1701/1701/1701 
f 1702/1702/1702 1703/1703/1703 1704/1704/1704 
f 1703/1703/1703 1702/1702/1702 1705/1705/1705 
f 1706/1706/1706 1707/1707/1707 1708/1708/1708 
f 1707/1707/1707 1706/1706/1706 1709/1709/1709 
f 1710/1710/1710 1711/1711/1711 1712/1712/1712 
f 1713/1713/1713 1710/1710/1710 1714/1714/1714 
f 1718/1718/1718 1719/1719/1719 1720/1720/1720 
f 1718/1718/1718 1721/1721/1721 1719/1719/1719 
f 1722/1722/1722 1723/1723/1723 1724/1724/1724 
f 1723/1723/1723 1722/1722/1722 1725/1725/1725 
f 1726/1726/1726 1727/1727/1727 1728/1728/1728 
f 1727/1727/1727 1729/1729/1729 1730/1730/1730 
f 1731/1731/1731 1732/1732/1732 1733/1733/1733 
f 1732/1732/1732 1731/1731/1731 1734/1734/1734 
f 1736/1736/1736 1737/1737/1737 1738/1738/1738 
f 1737/1737/1737 1736/1736/1736 1739/1739/1739 
f 1740/1740/1740 1741/1741/1741 1742/1742/1742 
f 1741/1741/1741 1743/1743/1743 1744/1744/1744 
f 1745/1745/1745 1746/1746/1746 1747/1747/1747 
f 1746/1746/1746 1745/1745/1745 1748/1748/1748 
f 1749/1749/1749 1750/1750/1750 1751/1751/1751 
f 1750/1750/1750 1749/1749/1749 1752/1752/1752 
f 1755/1755/1755 1756/1756/1756 1757/1757/1757 
f 1756/1756/1756 1755/1755/1755 1758/1758/1758 
f 1759/1759/1759 1760/1760/1760 1761/1761/1761 
f 1761/1761/1761 1762/1762/1762 1759/1759/1759 
f 1764/1764/1764 1765/1765/1765 1766/1766/1766 
f 1765/1765/1765 1764/1764/1764 1767/1767/1767 
f 1768/1768/1768 1769/1769/1769 1770/1770/1770 
f 1769/1769/1769 1768/1768/1768 1771/1771/1771 
f 1773/1773/1773 1774/1774/1774 1775/1775/1775 
f 1776/1776/1776 1777/1777/1777 1774/1774/1774 
f 1774/1774/1774 1778/1778/1778 1776/1776/1776 
f 1779/1779/1779 1780/1780/1780 1781/1781/1781 
f 1782/1782/1782 1779/1779/1779 1781/1781/1781 
f 1779/1779/1779 1782/1782/1782 1783/1783/1783 
f 1784/1784/1784 1785/1785/1785 1786/1786/1786 
f 1786/1786/1786 1787/1787/1787 1784/1784/1784 
f 1788/1788/1788 1784/1784/1784 1789/1789/1789 
f 1790/1790/1790 1791/1791/1791 1792/1792/1792 
f 1793/1793/1793 1790/1790/1790 1792/1792/1792 
f 1790/1790/1790 1793/1793/1793 1794/1794/1794 
f 1795/1795/1795 1796/1796/1796 1797/1797/1797 
f 1798/1798/1798 1799/1799/1799 1800/1800/1800 
f 1801/1801/1801 1802/1802/1802 1803/1803/1803 
f 1804/1804/1804 1805/1805/1805 1806/1806/1806 
f 1853/1853/1853 1854/1854/1854 1855/1855/1855 
f 1855/1855/1855 1856/1856/1856 1853/1853/1853 
f 1853/1853/1853 1857/1857/1857 1854/1854/1854 
f 1857/1857/1857 1858/1858/1858 1859/1859/1859 
f 1857/1857/1857 1853/1853/1853 1860/1860/1860 
f 1861/1861/1861 1857/1857/1857 1860/1860/1860 
f 1862/1862/1862 1861/1861/1861 1863/1863/1863 
f 1861/1861/1861 1862/1862/1862 1864/1864/1864 
f 1868/1868/1868 1869/1869/1869 1870/1870/1870 
f 1869/1869/1869 1868/1868/1868 1871/1871/1871 
f 1871/1871/1871 1872/1872/1872 1873/1873/1873 
f 1872/1872/1872 1874/1874/1874 1875/1875/1875 
f 1877/1877/1877 1878/1878/1878 1876/1876/1876 
f 1877/1877/1877 1876/1876/1876 1879/1879/1879 
f 1880/1880/1880 1877/1877/1877 1881/1881/1881 
f 1877/1877/1877 1879/1879/1879 1882/1882/1882 
f 1879/1879/1879 1883/1883/1883 1882/1882/1882 
f 1883/1883/1883 1879/1879/1879 1884/1884/1884 
f 1878/1878/1878 1885/1885/1885 1886/1886/1886 
f 1885/1885/1885 1878/1878/1878 1887/1887/1887 
f 1888/1888/1888 1889/1889/1889 1890/1890/1890 
f 1889/1889/1889 1888/1888/1888 1891/1891/1891 
f 1892/1892/1892 1893/1893/1893 1894/1894/1894 
f 1895/1895/1895 1896/1896/1896 1897/1897/1897 
f 1898/1898/1898 1899/1899/1899 1900/1900/1900 
f 1899/1899/1899 1898/1898/1898 1901/1901/1901 
f 1902/1902/1902 1903/1903/1903 1904/1904/1904 
f 1904/1904/1904 1905/1905/1905 1902/1902/1902 
f 1907/1907/1907 1908/1908/1908 1909/1909/1909 
f 1907/1907/1907 1910/1910/1910 1908/1908/1908 
f 1911/1911/1911 1912/1912/1912 1913/1913/1913 
f 1914/1914/1914 1915/1915/1915 1916/1916/1916 
f 1916/1916/1916 1917/1917/1917 1914/1914/1914 
f 1918/1918/1918 1919/1919/1919 1920/1920/1920 
f 1919/1919/1919 1918/1918/1918 1921/1921/1921 
f 1922/1922/1922 1923/1923/1923 1924/1924/1924 
f 1925/1925/1925 1926/1926/1926 1927/1927/1927 
f 1926/1926/1926 1925/1925/1925 1928/1928/1928 
f 1929/1929/1929 1930/1930/1930 1931/1931/1931 
f 1930/1930/1930 1932/1932/1932 1933/1933/1933 
f 1934/1934/1934 1935/1935/1935 1936/1936/1936 
f 1937/1937/1937 1938/1938/1938 1939/1939/1939 
f 1938/1938/1938 1937/1937/1937 1940/1940/1940 
f 1941/1941/1941 1942/1942/1942 1943/1943/1943 
f 1944/1944/1944 1945/1945/1945 1946/1946/1946 
f 1945/1945/1945 1944/1944/1944 1947/1947/1947 
f 1948/1948/1948 1949/1949/1949 1950/1950/1950 
f 1951/1951/1951 1952/1952/1952 1953/1953/1953 
f 1954/1954/1954 1955/1955/1955 1956/1956/1956 
f 1955/1955/1955 1954/1954/1954 1957/1957/1957 
f 1959/1959/1959 1960/1960/1960 1961/1961/1961 
f 1960/1960/1960 1959/1959/1959 1962/1962/1962 
f 1963/1963/1963 1964/1964/1964 1965/1965/1965 
f 1965/1965/1965 1966/1966/1966 1963/1963/1963 
f 1967/1967/1967 1968/1968/1968 1969/1969/1969 
f 1968/1968/1968 1967/1967/1967 1970/1970/1970 
f 1971/1971/1971 1972/1972/1972 1973/1973/1973 
f 1972/1972/1972 1971/1971/1971 1974/1974/1974 
f 1975/1975/1975 1976/1976/1976 1977/1977/1977 
f 1976/1976/1976 1975/1975/1975 1978/1978/1978 
f 1979/1979/1979 1980/1980/1980 1981/1981/1981 
f 1980/1980/1980 1979/1979/1979 1982/1982/1982 
f 1983/1983/1983 1984/1984/1984 1985/1985/1985 
f 1983/1983/1983 1985/1985/1985 1986/1986/1986 
f 1987/1987/1987 1988/1988/1988 1989/1989/1989 
f 1990/1990/1990 1991/1991/1991 1988/1988/1988 
f 1992/1992/1992 1993/1993/1993 1994/1994/1994 
f 1992/1992/1992 1994/1994/1994 1995/1995/1995 
f 1996/1996/1996 1997/1997/1997 1998/1998/1998 
f 1999/1999/1999 1996/1996/1996 2000/2000/2000 
f 2001/2001/2001 2002/2002/2002 2003/2003/2003 
f 2004/2004/2004 2005/2005/2005 2001/2001/2001 
f 2006/2006/2006 2007/2007/2007 2008/2008/2008 
f 2007/2007/2007 2006/2006/2006 2009/2009/2009 
f 2010/2010/2010 2011/2011/2011 2012/2012/2012 
f 2011/2011/2011 2013/2013/2013 2014/2014/2014 
f 2015/2015/2015 2016/2016/2016 2017/2017/2017 
f 2018/2018/2018 2019/2019/2019 2020/2020/2020 
f 2021/2021/2021 2022/2022/2022 2023/2023/2023 
f 2022/2022/2022 2021/2021/2021 2024/2024/2024 
f 2025/2025/2025 2026/2026/2026 2027/2027/2027 
f 2026/2026/2026 2025/2025/2025 2028/2028/2028 
f 2029/2029/2029 2030/2030/2030 2031/2031/2031 
f 2030/2030/2030 2029/2029/2029 2032/2032/2032 
f 2033/2033/2033 2034/2034/2034 2035/2035/2035 
f 2034/2034/2034 2033/2033/2033 2036/2036/2036 
f 2037/2037/2037 2038/2038/2038 2039/2039/2039 
f 2039/2039/2039 2040/2040/2040 2037/2037/2037 
f 2041/2041/2041 2042/2042/2042 2043/2043/2043 
f 2042/2042/2042 2044/2044/2044 2045/2045/2045 
f 2046/2046/2046 2047/2047/2047 2048/2048/2048 
f 2047/2047/2047 2046/2046/2046 2049/2049/2049 
f 2050/2050/2050 2051/2051/2051 2052/2052/2052 
f 2052/2052/2052 2053/2053/2053 2050/2050/2050 
f 2054/2054/2054 2055/2055/2055 2056/2056/2056 
f 2057/2057/2057 2058/2058/2058 2059/2059/2059 
f 2058/2058/2058 2057/2057/2057 2060/2060/2060 
f 2061/2061/2061 2062/2062/2062 2063/2063/2063 
f 2064/2064/2064 2065/2065/2065 2066/2066/2066 
f 2065/2065/2065 2064/2064/2064 2067/2067/2067 
f 2068/2068/2068 2069/2069/2069 2070/2070/2070 
f 2069/2069/2069 2068/2068/2068 2071/2071/2071 
f 2072/2072/2072 2073/2073/2073 2074/2074/2074 
f 2072/2072/2072 2075/2075/2075 2076/2076/2076 
f 2077/2077/2077 2078/2078/2078 2079/2079/2079 
f 2078/2078/2078 2080/2080/2080 2081/2081/2081 
f 2082/2082/2082 2083/2083/2083 2084/2084/2084 
f 2083/2083/2083 2082/2082/2082 2085/2085/2085 
f 2086/2086/2086 2087/2087/2087 2088/2088/2088 
f 2089/2089/2089 2086/2086/2086 2090/2090/2090 
f 2091/2091/2091 2092/2092/2092 2093/2093/2093 
f 2092/2092/2092 2094/2094/2094 2095/2095/2095 
f 2096/2096/2096 2097/2097/2097 2098/2098/2098 
f 2099/2099/2099 2100/2100/2100 2101/2101/2101 
f 2102/2102/2102 2101/2101/2101 2103/2103/2103 
f 2100/2100/2100 2099/2099/2099 2104/2104/2104 
f 2105/2105/2105 2104/2104/2104 2106/2106/2106 
f 2107/2107/2107 2104/2104/2104 2105/2105/2105 
f 2104/2104/2104 2107/2107/2107 2108/2108/2108 
f 2109/2109/2109 2110/2110/2110 2108/2108/2108 
f 2108/2108/2108 2111/2111/2111 2104/2104/2104 
f 2112/2112/2112 2111/2111/2111 2108/2108/2108 
f 2111/2111/2111 2112/2112/2112 2113/2113/2113 
f 2113/2113/2113 2112/2112/2112 2114/2114/2114 
f 2111/2111/2111 2113/2113/2113 2115/2115/2115 
f 2111/2111/2111 2115/2115/2115 2116/2116/2116 
f 2115/2115/2115 2113/2113/2113 2117/2117/2117 
f 2117/2117/2117 2113/2113/2113 2118/2118/2118 
f 2116/2116/2116 2119/2119/2119 2120/2120/2120 
f 2121/2121/2121 2122/2122/2122 2123/2123/2123 
f 2124/2124/2124 2125/2125/2125 2126/2126/2126 
f 2127/2127/2127 2124/2124/2124 2128/2128/2128 
f 2129/2129/2129 2130/2130/2130 2131/2131/2131 
f 2132/2132/2132 2133/2133/2133 2134/2134/2134 
f 2135/2135/2135 2136/2136/2136 2137/2137/2137 
f 2138/2138/2138 2139/2139/2139 2140/2140/2140 
f 2141/2141/2141 2142/2142/2142 2143/2143/2143 
f 2144/2144/2144 2145/2145/2145 2146/2146/2146 
f 2147/2147/2147 2148/2148/2148 2149/2149/2149 
f 2150/2150/2150 2151/2151/2151 2152/2152/2152 
f 2153/2153/2153 2154/2154/2154 2155/2155/2155 
f 2156/2156/2156 2157/2157/2157 2158/2158/2158 

